fval,Prophylactic zinc supplementation,Vitamin A supplementation,Complementary feeding education,Public provision of complementary foods,Breastfeeding promotion,Balanced energy-protein supplementation,Multiple micronutrient supplementation
18196621.76,4.99E-06,2.99E-05,1.85E-07,24694534.7,2.24E-05,3.84E-05,3.52E-05
16710300.15,0.000340368,0.000162819,24694534.7,0.000365161,5.15E-05,6.99E-05,5.30E-05
18040721.91,24686208.32,629.7461426,305.6954095,3347.420162,1016.629447,1043.198794,1983.689891
17347814.96,573859.5433,7306537.713,9193078.541,169128.6378,1988891.264,3734414.028,1728624.973
18040664.09,24694534.7,1.95E-05,1.68E-05,5.39E-05,4.68E-05,3.05E-05,1.57E-05
16710300.15,0,1.40E-05,24694534.7,2.39E-06,5.97E-06,6.93E-07,1.49E-06
16710300.15,0.000258878,0.000539999,24694534.7,0.000174229,5.89E-05,0.000208645,0.00048124
16730389.53,661970.5388,1230241.725,21990352.49,73892.40825,254653.5406,128114.9617,355309.0374
18098944.29,4547512.903,7341902.973,2376074.161,46204.92459,5375032.111,4442185.688,565621.9399
16710559.14,1.34E-11,10047.29044,24658048.74,6910.312119,0,5896.247455,13632.10894
16707443.98,1625474.566,729.8005914,23066753.51,41.5635404,220.9643604,1.58E-12,1314.292436
16710300.15,0.006615711,0.003891759,24694534.65,0.013937891,0.005575129,0.01035062,0.014159993
16711095.85,2733.62866,99641.66595,24540570.3,31991.87471,19597.2259,3.71E-11,0
18040664.09,24694534.7,7.04E-06,1.71E-06,8.39E-06,1.03E-06,6.03E-06,9.00E-07
16710301.06,25.84893331,24.11918467,24694378.53,30.56710025,12.12329022,11.83360424,51.67702444
16710300.18,0.097254081,1.278767966,24694530.52,0.783969435,0.079592408,0.244031522,1.692363596
16710300.94,6.847793674,0.204780067,24694432.79,56.35601992,22.27890081,15.38162355,0.839325052
18055063.2,3476791.978,2723533.781,2780138.044,406385.868,8254179,3148080.606,3905425.423
16711584.16,410882.923,58274.95354,23877019.09,288850.1686,2715.348166,29967.96021,26824.2599
16713205.41,47792.12246,58168.9385,24183734.21,296996.435,0,93480.03184,14362.95982
16710300.15,1.33E-06,1.56E-06,24694534.7,2.35E-05,1.90E-05,9.70E-06,8.37E-06
16710300.15,9.45E-06,6.01E-05,24694534.7,6.02E-05,2.63E-05,0.000113792,1.85E-06
16719575.18,437273.3351,289076.6278,23246997.82,47479.76929,30305.74738,270910.7107,372490.6906
16710300.15,9.91E-09,1.80E-07,24694534.7,5.72E-09,1.14E-08,5.23E-08,3.36E-07
16710301.37,18.46018944,1.665100959,24694401.09,8.344575831,6.141919426,55.92624753,43.06864424
16710300.15,0.096398524,0.005905122,24694534.47,0.090386085,0.009319254,0.027111369,0.000193487
16726191.39,610347.6449,1006084.734,22113892.22,729222.3582,234987.7462,2.82E-11,0
16712024.22,25966.39358,75442.3192,24460638.29,14789.8553,30430.25349,39656.33393,47611.25745
16717509.31,7438.495298,206897.4375,24014883.98,94011.99951,268784.4114,80250.13846,22268.23351
16710300.15,0.002483908,0.007473726,24694534.68,0.000223867,0.000329102,0.002120746,0.006562722
17142028.36,4123490.254,2001660.183,10714830.48,543162.4058,1.13E-09,1811963.11,5499428.27
16710300.15,1.72E-05,2.69E-06,24694534.7,0.000650404,0.000499117,6.53E-05,1.06E-05
17751053.49,5894034.632,3558293.56,4540062.199,2209384.761,2205042.466,5537318.54,750398.5422
16710300.15,0.000479638,0.000308299,24694534.7,5.31E-05,0.000242967,1.82E-05,0.000472772
16710300.17,0.249062807,0.651896669,24694532.44,0.179045921,0.322612842,0.82652904,0.031519546
16710528.09,12202.28832,0,24650252.25,0,1.72E-11,0,32080.16537
16710300.15,0.066255413,0.009077107,24694534.52,0.002529036,0.016050217,4.86E-18,0.087123623
16710319.7,600.140812,167.6767377,24692066.86,63.19769782,355.2188487,771.8759603,509.7336802
16710300.57,0,4.503254282,24694486.06,14.48074533,5.206561243,10.99897724,13.45371072
16710300.92,22.08958188,24.00045514,24694419.47,10.15865589,21.90520306,10.07149128,27.00555384
16710400.83,178.8488418,473.4201116,24683777.4,4154.966782,3426.963275,1084.39465,1438.703738
16710653.96,16997.29923,4059.748356,24637019.61,9623.022055,6462.387452,14671.72926,5700.905168
16710571.48,9957.140067,4105.833222,24653373.9,921.965385,1253.350799,10361.08808,14561.42025
17646028.24,4397596.875,986116.1562,5587681.06,3822027.427,4934806.229,3079419.964,1886886.989
17676317.19,1868417.849,4251734.057,5487814.026,3077588.79,1862466.927,4342480.288,3804032.763
16710300.15,9.27E-05,5.76E-05,24694534.7,2.04E-05,2.24E-05,0.000255643,0.000127446
16710300.15,0.060899402,0.004430568,24694534.55,0.026703575,0.003453779,0.000630647,0.056591591
16710300.15,3.76E-06,7.18E-07,24694534.7,7.26E-06,3.63E-06,1.73E-06,1.05E-06
17932568.8,7119094.138,5916735.416,2658156.635,5290488.158,2247269.106,1238557.098,224234.1492
16710312.17,14.98010034,286.0364464,24693211.59,183.9739168,83.73248012,482.713086,271.6704899
16710300.15,0.000238259,3.23E-05,24694534.7,2.10E-05,2.84E-05,8.43E-05,0.000147848
17642226.38,4096838.894,193130.2819,5931979.553,3028405.399,6598026.976,4357066.611,489086.9846
18266244.34,5134711.548,1813504.55,280583.9362,3105157.056,6334284.45,2421984.307,5604308.853
16710300.15,2.53E-07,1.14E-07,24694534.7,7.31E-07,5.64E-08,5.94E-08,2.11E-07
16710300.15,0.012717486,0.113971145,24694534.15,0.140494774,0.100316177,0.110348198,0.074742252
18042969.27,2590290.546,6230070.64,2712737.098,1998729.033,4389192.114,3561015.4,3212499.87
17673559.21,6394706.024,1399952.562,4623253.439,6173316.315,1784206.565,473651.6592,3845448.136
16710300.15,1.99E-05,1.79E-05,24694534.7,3.08E-05,4.48E-05,5.90E-05,2.32E-05
17823919.15,3868471.087,4766608.53,3808410.891,6415743.154,924624.4347,4742084.075,168592.5284
16715291.24,23318.86757,34496.34455,24293738.98,28968.62406,193771.996,92635.72204,27604.16942
16710302.32,82.79225085,62.47495435,24694175.44,82.25107288,53.05264254,71.79518381,6.895395661
16710607.48,13996.55676,3441.074481,24644339.39,14512.36462,16193.48114,631.4413299,1420.38956
17698672.95,4596182.5,2259281.26,4878674.507,4105024.583,1123942.36,4782213.578,2949215.912
16710300.15,0.006484661,0.00241492,24694534.67,9.61E-19,0.002077022,0.017608119,0.001294295
16710504.71,14758.47341,2641.960281,24631640.99,37800.31326,7.59E-13,4926.080631,2766.882244
16710300.15,2.12E-05,7.51E-05,24694534.7,2.39E-05,4.44E-21,6.47E-06,2.79E-05
17110692.21,4745.248791,5963178.121,12484100.25,484141.3886,5183583.577,400826.3552,173959.7577
18040686.05,24691323.54,383.6388408,82.01937006,2223.674452,237.9119905,215.1571529,68.7572977
17477518.68,1161154.789,10860772.75,7599370.526,486043.3227,272179.1231,748082.1457,3566932.046
16710318.92,405.1579969,1905.09398,24690013.82,1692.605827,158.56895,261.1893896,98.26217428
16710300.15,2.03E-06,3.17E-07,24694534.7,3.12E-07,2.28E-07,5.51E-07,2.88E-08
16710300.15,1.34E-05,2.53E-06,24694534.7,1.09E-20,1.40E-05,0,0.000165612
16710300.15,8.01E-06,4.19E-06,24694534.7,1.05E-05,2.38E-06,2.22E-06,4.25E-06
17090206.46,793487.6701,6618464.016,12216475.71,1309277.203,1806021.077,622538.9568,1328270.064
17766141.27,7170588.625,364480.7167,4278970.001,978377.0544,826452.2349,3011954.488,8063711.58
16710349.08,607.0644854,682.7744361,24685685.77,5914.095872,877.6480121,767.3511516,0
16710300.15,0.000290647,0.000792309,24694534.7,0.00107205,0.000396691,0.000861659,0.000522945
16710300.15,0.004556514,0.000259158,24694534.69,0.000613157,0.001469947,6.68E-05,0.001200751
16710300.16,0.140345376,0.036877359,24694533.42,0.223723453,0.33027355,0.236619145,0.310595093
18040664.09,24694534.7,5.09E-08,6.80E-09,8.63E-08,3.04E-08,1.13E-07,9.28E-09
18040664.09,24694534.7,3.13E-06,5.68E-07,2.96E-06,8.40E-07,3.93E-07,2.79E-06
17406935.7,823449.2422,1084691.627,8632206.007,411745.8613,6763587.145,60786.3205,6918068.497
16710744.28,1851.397029,18592.70404,24643199.37,410.9183381,14584.44797,2507.451587,13388.40935
18155127.65,3456866.849,5182471.696,1559663.369,3598720.691,4433092.061,899765.4898,5563954.544
16710300.45,6.630811495,9.559409044,24694493.34,1.023237846,1.535533924,12.90098863,9.713723638
18040664.7,24694236.76,124.6748573,27.15188365,64.36581106,13.37048631,32.6390695,35.73812304
16710300.15,0.001789129,0.002527303,24694534.69,0.00239335,0.001671946,0.00173708,0.000282986
18229718.01,1019239.432,8082686.1,774275.436,5936021.127,391877.3125,686344.903,7804090.391
17181007.52,1021542.324,1048948.282,10868157.4,1233807.746,843381.3401,208358.9741,9470338.634
16730609.12,124120.6052,352662.9281,22789723.3,546774.1267,528227.3718,334915.9282,18110.43726
17085176.73,1770175.622,6448091.407,11751499.15,2742818.627,32547.56459,623713.6329,1325688.699
16710301.83,9.530939769,6.408142536,24694315.82,16.13642757,2.075852297,9.209065885,175.5245432
16710844.43,3058.416041,5711.689782,24624607.55,27091.36481,15790.65944,2249.843845,16025.1742
17683047.9,1229762.397,1757567.634,5338400.882,5883177.503,1846728.227,4711369.161,3927528.896
16710300.17,0.307801243,0.309566132,24694532.21,0.284583963,0.417296995,0.848886024,0.326702766
16715450.28,39902.46442,62923.2558,24161554.53,20896.51901,95195.06201,94139.11459,219923.7537
16710300.15,3.45E-05,2.30E-05,24694534.7,2.87E-05,4.92E-06,2.73E-05,2.01E-06
17615900.11,5298536.507,965258.1219,6014588.182,877775.0042,7068614.666,1600917.754,2868844.465
16710300.15,0.001285945,0.001593417,24694534.7,0.000169877,0.000213766,0.000549886,0.000331481
17678771.27,2712594.325,1857098.172,4748611.816,10529839.89,2143752.751,926711.6514,1775926.096
17548437.96,1188165.552,739081.3089,7332678.786,1063784.103,8878064.917,2665976.252,2826783.781
16710300.16,2.721825927,0.56248582,24694528.48,1.054549407,0.191494269,0.216866463,1.469170083
16710300.28,11.6082699,6.816088096,24694496.55,12.11315433,4.613257874,0.091136519,2.904068198
16711451.68,5870.350417,6460.622682,24601893,4141.857751,40399.18889,30095.51477,5674.160998
17275745.4,747493.3474,5110764.563,9262361.909,4146605.138,414433.3963,523180.6753,4489695.671
17981584.09,6151773.134,3028329.263,2835183.647,179616.3302,4741703.657,1995075.496,5762853.173
17702050.74,5402688.232,4945859.045,4799492.269,4316483.979,3117975.624,1973614.32,138421.2307
16710300.15,2.31E-05,2.20E-05,24694534.7,5.83E-05,5.11E-05,2.01E-05,1.88E-05
18194037.18,4871644.067,1809618.706,908804.0248,7169909.126,4738630.016,2935241.212,2260687.549
16710370.59,555.5920021,787.9076352,24687508.48,1670.676086,3492.219645,330.9975288,188.8280093
16710300.32,2.94544204,0.426873612,24694510.33,7.329447424,2.853233597,2.132418256,8.685911199
16711606.74,10892.27657,11283.88042,24576249.43,2.04E-12,967.9331674,85831.09976,9310.07929
16710303.98,593.6508287,6.429116619,24693435.48,126.5871655,244.3859063,58.15519558,70.01308741
16748725.94,988814.0963,850730.8784,20821431.59,919493.0949,791054.3483,323010.6907,1.68E-10
16710300.15,3.12E-05,7.76E-06,24694534.7,7.93E-05,7.00E-06,6.63E-05,7.41E-05
18040664.09,24694534.7,5.40E-06,1.97E-06,2.84E-05,3.07E-06,3.44E-05,2.40E-05
17116100.49,582829.7885,159992.5883,10940304.6,9631025.463,438570.6575,529445.8641,2412365.736
18040664.27,24694506.44,10.33338976,1.552591728,7.212178194,8.260417171,0.883775366,0.02159184
17670389.47,3304201.062,4282265.355,5603501.727,1191124.651,5270618.347,1673254.995,3369568.564
16710300.16,0.028750519,0.017754973,24694533.45,0.746504715,0.356119643,0.008207661,0.091030947
16711955.09,8128.177856,26893.34493,24553056.82,7105.145961,81310.52231,12712.5642,5328.121758
16714797.74,1.08E-10,231665.4098,24191475.35,78759.69446,192634.2417,3.62E-11,3.62E-11
18196621.82,0.205494746,3.254768583,0.894559543,24694518.82,6.336494728,4.016926762,1.172749565
16710300.15,0.209043147,0.370459357,24694533.75,0.103440034,0.164405302,0.10069044,0.006337462
16710399.94,1080.898419,2404.924551,24681794.07,2374.816559,2024.892085,2196.382584,2658.718582
16710300.15,0.001143313,0.000240425,24694534.7,0.000845346,0.00018873,0.000130598,0.00013663
16710333.58,4359.653936,3250.359567,24682096.75,3112.052466,887.4208108,691.836953,136.6286788
16758617.1,38387.86689,3.71E-10,21297855.14,1319349.769,633364.0634,1405577.865,0
16710300.15,0.006358743,0.056985573,24694534.42,0.070247388,0.050158089,0.055174099,0.037371126
16710681.26,17658.11502,4597.065056,24636852,10755.04879,17634.33702,6309.075741,729.0613662
17670640.64,63671.5773,8184790.785,6198116.62,1167803.434,6998918.636,426324.3113,1654909.337
16710300.15,7.57E-07,2.93E-07,24694534.7,8.29E-07,7.42E-07,1.63E-07,1.04E-06
17456826.2,1455797.808,4163925.932,7390885.495,3409043.637,306271.9873,3285767.544,4682842.296
16710300.34,16.73073489,0.830497997,24694496.2,0.958174114,0.943694694,11.47375702,7.559621296
16710359.03,5254.109423,15818.67308,24670365.24,1730.042413,5.32E-13,1014.577258,352.0601263
16855142.71,7271415.989,784054.9227,14851217.62,0,449912.8538,1.35E-10,1337933.309
18107877.01,4656100.17,3972417.117,1357297.639,6867825.391,1452263.777,534150.3203,5854480.287
16713525.02,276325.9596,30443.89308,24014619.71,133909.5232,100880.978,50480.35728,87874.27585
16710300.15,0.001497893,0.003237187,24694534.69,0.00285337,3.16E-05,0.002857444,0.002651204
18048527.55,23501309.72,132511.2876,30342.87286,477892.6517,108240.5518,28960.48727,415277.1303
16710300.15,0.000258239,0.003760578,24694534.68,0.000896242,0.001462587,0.001321089,0.008898752
16710300.15,0.000667733,0.001144125,24694534.7,6.76E-05,0.000405247,0.001015028,0.000436393
16710300.34,0.683377993,24.90935316,24694496.21,7.997627276,4.899097343,9.28E-15,0
18040664.86,24694395.48,18.25680634,11.71864424,40.73469069,44.03701834,10.76693191,13.7028996
17757160.09,4547670.542,611863.7425,4421022.079,6505777.293,3069921.448,4598185.013,940094.5823
16710300.15,9.45E-07,4.49E-07,24694534.7,2.01E-07,2.08E-07,1.18E-07,6.78E-07
18196783.04,13011.10402,25264.00486,205.1471861,24626080.18,1539.284379,2487.2332,25947.74172
16710300.15,6.97E-08,3.00E-07,24694534.7,1.20E-06,2.10E-07,2.20E-07,3.46E-06
16710300.23,2.494187435,0.217445547,24694523.61,0.137525626,0.373592838,3.153346771,4.709972858
16710300.15,0.051477728,0.090524783,24694534.3,0.000895401,0.023192502,0.144846244,0.084500868
16710301.29,0.107766873,123.8451464,24694294.69,69.41698848,5.274975548,3.928882671,37.43484274
16710300.15,0,0.001908356,24694534.7,0.000214608,0.000369503,0.001050816,0.000766593
16710300.98,5.295610453,29.58830022,24694425.03,22.08284832,22.48192913,8.131668007,22.09338132
16710300.15,0.000171782,4.17E-05,24694534.7,9.14E-06,8.15E-05,8.07E-06,6.09E-05
16710300.16,0.188081097,0.07100541,24694533.38,0.820780796,0.021052116,0.18664222,0.032060816
16710300.15,0.040290002,0.04303673,24694534.58,0.013432219,0.003281029,0.003152202,0.012047523
16710300.32,3.818192466,2.231765084,24694512.23,4.951679549,3.682328598,5.795428337,1.987253392
16710300.15,0.00014334,0.000429849,24694534.7,0.00128182,7.53E-06,1.33E-05,0.001435237
18109938.6,10637275.42,2132113.966,627971.1622,8265155.072,852382.4276,1198036.64,981600.0113
16710304.72,0.431049374,495.3597649,24693574.71,277.6562836,21.09901536,15.71487016,149.7330774
16710302.88,28.74003826,3.296462565,24694312.13,6.43E-15,130.8213084,34.89219132,24.81675866
16716712.7,1165887.419,344242.0846,22673957.22,243838.4662,210397.8726,1.56E-10,56211.63583
16710300.16,1.645913841,0.196077977,24694531.46,0.346400251,0.650101304,3.86E-17,0.402949809
16802123.59,189494.2923,705878.9537,19423505.55,781422.6454,2172099.176,825777.8472,596356.2354
16731242.02,101703.8229,150806.6677,22954019.17,511642.6116,844871.2462,116757.4356,14733.74735
16710300.15,4.23E-06,3.53E-06,24694534.7,1.08E-06,4.05E-05,2.85E-06,5.54E-06
16710373.63,170593.6975,2.53E-11,24406221.18,106280.2425,8331.346866,0,3108.229427
16711838.94,277157.3233,113217.2236,24069307.94,137364.7301,12108.60601,47709.82307,37669.05528
16821231.47,620773.0036,166556.539,18649951.47,1177230.459,3329333.088,0,750690.1361
16710300.15,0.084044372,0.007469412,24694534.53,0.011983968,0.002383024,0.059299641,0.009048617
16710741.48,7818.882705,30454.53541,24608566.3,29214.10674,6607.637398,6402.578965,5470.655084
16710315,3110.926829,461.9980568,24688722.07,207.3264406,503.7676908,417.3876767,1111.228319
16742076.04,577548.3926,679437.3016,21857728.02,240816.2568,1191967.34,114128.6161,32908.77566
16711551.9,285906.8265,0,24135737.35,98715.32537,9146.771325,1747.815071,163280.6103
18203722.53,24444.46412,387168.4096,106411.6193,22805423.69,753752.6935,477830.3299,139503.4923
16710301.85,0.99147106,1.630694077,24694361.39,73.39856897,26.36335925,67.30196447,3.621898567
17727280.7,2277244.182,3455420.464,4905456.829,5254147.937,3017353.074,3789265.496,1995646.718
17831894.25,176030.5205,4401734.325,4770918.868,236994.7083,4867625.018,4051688.05,6189543.209
16710300.15,7.65E-06,9.01E-07,24694534.7,2.86E-06,2.82E-06,2.52E-06,1.24E-08
16710300.15,0.000100097,5.67E-05,24694534.7,9.59E-06,5.29E-05,3.97E-05,8.41E-05
16710300.19,1.59900413,0.628175468,24694528.04,1.467321632,0.992088744,0.185131587,1.78344608
16710394.73,722.2734681,583.2189893,24684780.91,2654.708944,2294.124694,3179.062917,320.4035972
16710300.15,0.002947116,0.002174811,24694534.67,0.021373974,1.07E-18,0.000443967,0.00012937
16710300.15,2.17E-07,1.41E-08,24694534.7,1.85E-07,6.34E-08,1.94E-08,1.32E-08
16790504.39,342958.6475,1908380.765,18903149.38,1797791.53,542326.9811,660979.2431,538948.1528
16712501.82,267044.7152,83929.80628,24157849.41,4130.773378,63404.83745,93364.22359,24810.93451
16710391.98,336.0860477,1590.326147,24685987.92,0,8.40E-13,5751.253074,869.1191536
16710300.15,1.01E-06,3.59E-07,24694534.7,7.90E-07,2.11E-07,1.85E-08,1.98E-07
16722956.01,88417.3763,3542.551463,23670350.74,157191.6655,274535.0134,459684.8988,40812.44994
17809355.97,5372408.258,5431148.378,4060536.255,16001.53764,488882.4234,95752.85619,9229804.992
16710300.15,2.52E-06,1.35E-07,24694534.7,2.11E-07,1.64E-06,2.99E-06,1.30E-06
16710300.15,3.82E-08,3.94E-08,24694534.7,1.78E-08,3.47E-08,2.22E-08,2.17E-08
17405498.25,3825042.895,4960046.381,7627365.633,3188758.891,2526002.807,153623.3522,2413694.74
16710314.99,227.1027806,64.56568741,24692872.26,4.73988003,30.23819596,664.6142218,671.1783903
17287650.38,2997792.706,2897187.887,9465488.104,261045.7961,5.26E-10,8162341.422,910678.7848
16710302.75,51.95524231,25.79806294,24694122.83,201.4606335,69.5226404,40.19481627,22.93508812
16710300.18,0.789317307,0.180360828,24694530.86,0.785462099,0.171980029,1.208723224,0.702388477
16710300.15,2.63E-07,1.77E-06,24694534.7,5.37E-06,2.27E-06,1.26E-22,7.01E-08
16710300.15,0.275819286,0.272461893,24694533.82,0.211901461,0.033121596,0.084043309,0
17750809.01,3179739.922,141440.4894,5093475.015,49574.99731,747321.2348,4780520.981,10702462.06
17054020.56,3845073.335,3716034.09,12140764.72,334826.43,6.75E-10,3489767.799,1168068.328
16710433.82,1463.089693,3467.339602,24674653.6,3908.727672,2371.860057,8.06E-12,8670.07874
16710300.15,1.40E-07,3.99E-08,24694534.7,2.09E-07,1.88E-08,1.72E-07,2.37E-07
18040664.09,24694534.7,2.95E-05,1.02E-05,7.21E-05,7.00E-05,1.33E-05,9.49E-06
16831664.87,1727329.154,78163.76717,17315939.42,726846.8287,811595.7309,0,4034659.795
17244930.43,8545136.148,2246249.368,8706467.854,327317.3882,366985.5791,504483.5794,3997894.784
18174206.68,9465202.151,5374059.887,601101.1068,262070.6132,123858.1369,5253164.347,3615078.458
17269936.4,1529414.65,5425236.263,9411452.717,3314767.472,666971.0966,2322134.584,2024557.917
16710303.12,76.5945845,48.04976518,24694210.15,0,154.9364207,32.76828953,12.20267303
17461102.07,742155.1542,1812330.603,7665505.325,3538590.554,1961732.055,5362652.366,3611568.643
18040664.1,24694533.97,0.111575663,0.023848582,0.342200094,0.136881475,0.084758974,0.026519156
16710300.77,7.850470472,2.296777467,24694466.39,19.60299658,21.3700476,12.32455392,4.866602099
17434551.52,1622571.696,5648737.466,7920960.891,295758.5163,2886241.16,5727.129429,6314537.841
18196621.76,0.002384752,0.005534707,0.000599442,24694534.68,0.006608222,9.33E-05,0.000790145
16710300.22,3.063705092,0.653926558,24694525.35,0.419060977,2.834043436,2.34009227,0.038007677
16710300.74,0,3.185573704,24694487.72,2.311682428,0.001348794,40.59095859,0.891656911
16710300.19,1.412725931,0.617275127,24694528.58,1.106324241,1.63515757,0.080861016,1.263569186
16710300.15,2.20E-05,3.52E-05,24694534.7,1.38E-05,4.97E-06,8.90E-07,1.31E-05
16710300.21,0.733176338,0.563442216,24694528.53,1.545125188,1.878354411,1.334813632,0.114582727
16710300.15,4.97E-06,1.33E-05,24694534.7,1.05E-05,3.09E-06,9.78E-06,7.70E-06
16710300.15,0.000271265,0.000263645,24694534.7,0.000240313,0.000331787,0.000532796,0.000326317
17284727.91,2733770.988,703060.4406,9834100.195,247625.183,8236388.861,6.65E-11,2939589.033
16710300.15,8.76E-07,8.54E-07,24694534.7,3.14E-07,3.23E-07,3.72E-07,7.95E-08
16710300.58,21.73396653,7.669033958,24694442.51,21.65620778,6.291030743,0.197559818,34.64479819
18196621.76,1.62E-07,2.27E-07,1.06E-08,24694534.7,1.06E-07,3.17E-07,2.53E-07
16710300.18,0.453999711,0.915450098,24694530.98,0.65824811,0.826418473,0.147026202,0.721306849
16711744.84,1343252.073,204080.4552,22899280.67,159403.4101,50735.37593,37782.71925,0
16710300.47,2.044405952,4.509373628,24694493.64,15.83820825,6.115638823,7.564521849,4.982978566
17876549.86,3734806.843,723018.6261,3638393.295,4307063.726,2133325.255,4904935.345,5252991.61
16710300.15,0.000157695,1.91E-05,24694534.7,0.000124253,0.000129814,5.93E-05,6.71E-05
18196635.11,1111.180396,103.3079909,44.56495653,24691133.72,639.1110479,781.584806,721.2281819
16710300.84,2.470009596,9.469521713,24694470.09,8.534627531,32.91366387,1.012923217,10.21003852
17085272.88,5887795.18,220485.1461,11386161.98,1574647.772,1585963.434,2590521.745,1448959.439
17610937.64,4711089.236,4806439.288,5572963.193,4445209.208,358706.1297,4488239.023,311888.6231
16710300.15,4.15E-08,2.72E-08,24694534.7,5.24E-08,8.67E-10,5.95E-08,1.82E-08
16710300.15,0.055327396,0.043714905,24694534.53,0.014498781,0.025792927,0.015790013,0.013219623
16710306.46,13.44219481,226.5125273,24693709.91,187.9506639,108.0733622,120.1173956,168.6957993
16711413.39,29755.43623,0,24470499.1,136840.6333,8852.121461,12209.98462,36377.42169
16710300.15,0.000681804,0.000397447,24694534.69,0.005550611,1.10E-19,0.000656009,0.000896068
16843197.59,299762.1368,560430.6888,18252749.83,5.78E-10,1219318.898,3615340.94,746932.2052
16710300.15,0.000407782,4.96E-06,24694534.7,0.001591253,1.10E-20,0.000160181,0.000218717
17517653.26,468797.6374,6813711.318,7259596.63,417948.5622,1641141.693,861003.9638,7232334.895
18040664.09,24694534.39,0.107947437,0.027883184,0.051079685,0.073759317,0.046299933,0.003065334
17156396.1,3683082.976,1442866.753,10499139.81,3869823.089,2685642.285,712286.1361,1801693.653
16710300.23,0.079669718,2.680584933,24694524.43,1.175218354,1.293055784,1.110864454,3.930780074
16710300.15,4.87E-09,1.98E-08,24694534.7,7.32E-08,1.99E-07,2.55E-08,2.20E-08
17016077.39,3508226.1,944238.5671,12748193.4,1355938.535,824273.1883,1774027.181,3539637.726
16710300.15,0.000148013,7.08E-06,24694534.7,1.69E-05,2.45E-05,2.96E-06,1.07E-05
16710400.35,1199.237841,460.0775922,24684000.62,2686.647708,2419.641308,3760.528903,7.951093251
16710300.15,0.043621173,0.055925472,24694534.35,0.060257619,0.06666266,0.052724435,0.07366004
16710300.15,0.129541662,0.271218976,24694533.82,0.094895911,0.067773886,0.079651197,0.239902698
16710300.15,8.24E-06,4.75E-07,24694534.7,3.76E-05,9.06E-06,3.40E-07,3.77E-05
16710300.15,2.91E-07,1.32E-08,24694534.7,8.97E-08,1.96E-08,6.63E-08,8.72E-08
16740531.7,2783915.752,134743.1406,20079614.48,1001704.488,42023.71492,649107.7102,3425.415989
16710300.15,6.10E-05,0.00035354,24694534.7,1.80E-05,9.43E-05,5.28E-05,0.000127094
16710300.19,1.923586353,5.46748861,24694523.5,2.200449939,1.246274452,0.113441101,0.243891869
16720894.11,123964.0604,39363.96799,23381152.68,527406.1146,143271.6902,114380.103,364996.0854
16710301.54,309.8057347,23.05866923,24693916.31,110.4930103,61.44424174,9.52E-14,113.591022
16710300.17,0.420320579,0.56546712,24694532.6,0.131858963,0.581225013,0.30200333,0.101401093
16710300.15,1.87E-06,2.30E-06,24694534.7,9.06E-07,1.21E-06,8.05E-06,3.92E-06
17636405.8,3384858.895,5715223.968,5512526.757,3780509.947,1009655.853,2563797.639,2727961.642
17354408.88,6681771.376,6.23E-10,8210664.734,983910.6878,2536718.644,4197317.077,2084152.181
16710300.15,9.46E-06,1.82E-05,24694534.7,7.29E-06,5.21E-05,4.19E-05,4.11E-05
16710181.66,45606.20988,1029.886926,24644625.75,1476.755856,1796.096992,0,1.84E-13
16710304.42,62.73308548,52.99756211,24694127.46,5.459311068,234.565625,7.96091444,43.5208498
16710300.15,1.25E-08,5.91E-06,24694534.7,1.83E-06,3.41E-06,2.36E-06,4.08E-07
17203436.7,8174268.827,1206410.952,9139396.369,3144415.906,884179.3806,1159437.723,986425.5437
17421140.48,2086580.089,5873543.731,7646310.854,4089985.896,1177538.99,1675036.224,2145538.917
16710300.2,0.044979155,0.00988617,24694530.75,0.10479846,0.958789337,1.843380774,0.987370033
16710300.15,9.20E-08,1.09E-06,24694534.7,8.56E-07,4.52E-07,6.34E-08,2.35E-07
16710300.15,0.000848094,4.37E-20,24694534.7,0.001030858,4.02E-05,0.001718009,0.000190353
16710300.15,0.000248531,0.000209629,24694534.7,0.000357224,0.00021416,5.38E-05,0.000405685
16710300.15,0.023448544,0.008096417,24694534.59,0,0.077528619,0.004799596,4.15E-18
16710300.15,1.82E-06,1.88E-06,24694534.7,2.86E-06,5.92E-06,1.83E-05,5.56E-06
16710300.15,1.09E-07,7.98E-09,24694534.7,1.69E-07,2.68E-08,1.09E-07,1.21E-07
16737944.99,1080905.025,1103907.998,21095818.68,781873.8171,289028.7061,236793.8031,106206.6692
17830420.99,7437053.414,4141615.52,3620967.115,1863003.79,850976.0983,4495975.91,2284942.851
16710958.92,51381.86595,27419.41296,24562866.17,8479.220263,37217.49773,5395.437072,1775.091728
16710300.18,0.48820789,0.88630106,24694531.64,0.020462836,0.680760771,0.912345721,0.075746762
16710300.15,0.001358543,0.000880542,24694534.7,2.30E-05,0.00015693,0.0005101,0.000210006
16710300.15,5.16E-07,7.74E-07,24694534.7,3.73E-06,1.67E-21,7.69E-06,1.73E-06
17716235.27,10663225.53,2969177.312,4127138.76,2409494.808,1021630.611,3358354.435,145513.2454
17601324.63,4315142.619,258620.1464,6012161.595,3677823.986,3510704.075,4688535.043,2231547.236
16710300.15,4.34E-06,1.86E-06,24694534.7,9.71E-07,3.25E-06,2.07E-07,2.38E-06
17835595.27,4870317.837,2712912.124,4141426.633,73856.56728,4794632.614,2636773.475,5464615.45
17608186.41,1571883.64,26760.10355,5730187.786,7898915.03,837225.0075,1428325.529,7201237.604
18110824.4,7218451.756,8294301.526,1748784.358,1132221.66,3455556.665,1598384.186,1246834.55
17589494.77,2848311.655,1399276.653,6073712.797,5802148.042,4051141.81,3118909.542,1401034.202
18154141.63,9232317.194,2224508.98,893508.4293,228029.0776,62779.53636,4365226.674,7688164.81
16710300.15,0.002742009,0.001642474,24694534.69,0.002270738,0.002419921,0.001147165,0.001524948
18140265.09,6119202.497,1849375.573,657868.4246,10281536.09,275327.3466,422903.5175,5088321.254
16778642.85,132532.7912,379358.9327,20270944.35,1388358.06,1736380.474,635986.2644,150973.8268
16710311.57,245.1722345,71.9128652,24693262.95,119.4316376,92.81919839,684.4957469,57.91852499
16710300.15,6.21E-07,9.64E-08,24694534.7,1.39E-07,4.90E-07,6.60E-09,4.44E-07
17610515.36,3693031.428,354910.5237,6033143.658,4126728.115,5328220.166,3324918.303,1833582.506
16710300.32,1.912643013,16.0565123,24694502.68,0.820228125,0.925839138,0.735553686,11.57377346
16710300.15,0.001462909,0.00273203,24694534.67,0.012958412,0.007553029,0.001076151,0.007665203
18044259.79,4835025.797,4244276.65,2283770.876,4512709.721,3814274.927,4594664.909,409811.8192
18196589.65,816280.15,5295501.034,1801225.568,2883605.764,1478919.888,10939861.67,1479140.625
16710300.15,0.000107626,0.00370414,24694534.64,0.049621731,0.001349429,0.002288701,0.001404723
16710300.5,6.834509559,36.27495295,24694474.7,0.850867213,11.95491391,4.079872095,0
16710303.27,226.6137171,179.0504864,24693845.19,59.3850963,105.6444259,64.67380887,54.14583156
18040665.33,24694173.32,53.14368096,23.00773049,95.48325344,12.95372094,5.795158184,170.9927387
16710300.15,1.33E-05,1.04E-06,24694534.7,3.24E-05,3.10E-05,3.99E-07,6.85E-06
16714782.86,7380.690863,76338.41819,24244258.23,33598.69797,48158.65312,132850.9905,151949.0201
16723717.68,159070.0972,698906.4634,22970006.75,53827.35805,72885.4111,110202.8539,629635.7651
16710300.15,0.006085848,0.00601794,24694534.67,0.003631409,0.002569669,0.006208367,0.007223178
16709843.3,486833.2629,6163.470353,24134486.11,1.22E-11,3282.288747,57147.43649,6622.135149
16710300.15,6.25E-07,1.77E-07,24694534.7,4.04E-07,9.06E-07,3.24E-07,4.82E-07
17352641.95,4663738.476,1520153.437,8079760.74,2144780.946,462481.0867,1488464.615,6335155.398
16711490.69,162708.1889,822.1850639,24407228.68,2422.171492,78905.3424,4468.227475,37979.9083
16710300.15,2.93E-06,8.58E-07,24694534.7,1.21E-06,7.83E-07,8.40E-07,1.07E-06
16710300.15,0.153065001,0.060676041,24694534.11,0.195462729,0.087069492,0.002491073,0.09133438
18220048.48,3127271.134,6792277.215,844513.8458,4103931.301,3024083.396,1062291.196,5740166.612
16710303.53,14.05663946,1.35E-13,24694119.94,149.7014073,83.30136175,11.94775897,155.7538605
16721646.87,182863.941,19939.07651,23394794.83,478566.4386,51434.05638,474351.6818,92584.67952
18169812.85,250176.1022,6333973.309,1777378.567,7087563.916,7918613.22,467574.9459,859254.6395
18145704.79,276152.4005,6239550.746,1922429.445,4701608.877,1461003.881,5752709.977,4341079.374
16710300.15,0.014117262,0.001873806,24694534.64,0.040969911,0.002854833,0.001293584,4.68E-19
18283494.31,2462456.342,2316549.77,326236.9097,8142166.096,4900210.313,5504645.289,1042269.98
16710310.1,94.35374188,149.0379222,24693432.01,282.5360099,343.9365329,198.1085698,34.7194418
16710311.22,183.6761928,789.5446598,24692722.52,209.8155797,196.0438239,254.8732159,178.2303546
17114243.61,1963299.261,628569.8973,11159259.94,6381527.84,1261301.818,1967497.949,1333077.996
17013037.77,3315910.343,0,13168434.46,2952264.246,4889537.334,249884.3727,118503.9472
17770563.43,3765211.644,2579073.524,4070997.413,6767216.772,2010837.614,236246.5105,5264951.222
16710300.15,0.000525807,2.77E-05,24694534.7,3.52E-05,3.02E-06,6.15E-05,9.72E-05
16710300.15,0.0028247,0,24694534.68,0.018324617,0.00200517,0,0.001864417
17028963.05,3645491.121,316015.2573,12834001.33,1100929.267,965879.1453,4506285.33,1325933.254
16710304.2,427.30161,43.90010028,24693669.79,7.44E-14,251.3385096,21.10087013,121.2739999
16710300.15,1.21E-07,3.38E-07,24694534.7,3.08E-07,1.88E-06,1.23E-06,2.83E-07
16710300.16,0.292890225,0.338842735,24694533.05,0.099118032,0.388452873,0.105543251,0.423948841
18040683.01,24692020.29,249.9627747,19.78289809,1362.179265,15.00143432,297.1291875,570.357015
17798811.32,654891.6989,1882948.387,4924842.801,953621.3873,3822808.016,2825561.533,9629860.876
16712436.32,79730.80301,4993.627956,24425401.28,19181.64983,106698.1114,4040.680541,54488.54306
18040664.09,24694534.7,3.26E-06,1.64E-06,1.29E-05,8.53E-06,5.29E-06,4.07E-06
16710300.15,8.56E-08,3.19E-07,24694534.7,1.67E-07,6.62E-08,6.38E-07,9.04E-09
16710300.15,0.025323311,0.144609718,24694534.14,0.012503124,0.023053137,0.185321418,0.171995844
16710300.15,0.00039345,8.56E-05,24694534.7,0.000486214,1.67E-05,0.000181876,0.000333704
18040664.09,24694534.7,3.63E-05,2.34E-06,6.52E-05,6.87E-05,1.88E-05,6.48E-05
16710300.15,7.91E-05,7.94E-05,24694534.7,7.83E-05,6.17E-05,5.39E-05,2.89E-05
17336148.42,457422.0204,4673195.643,9313513.453,1559011.814,6663520.696,268577.0548,1759294.018
16716438.31,436152.848,4298.110152,23700642.41,28786.20396,1827.661373,375412.5431,147414.9195
18040664.09,24694534.7,1.22E-05,4.40E-06,1.56E-05,1.30E-05,1.41E-07,1.14E-06
16710300.15,1.91E-07,1.74E-07,24694534.7,9.36E-08,9.59E-08,5.16E-08,2.86E-08
16761717.93,980472.3718,704730.6024,20366112.19,113481.0114,366259.6281,910869.0214,1252609.879
16710627.9,6060.340475,10348.69274,24645222.87,13110.23377,2638.842478,13035.69449,4118.021328
16737097.95,208336.0858,899848.3023,21933005.15,419835.8937,45571.41562,570306.9907,617630.8626
16710300.98,7.032625205,1.326568935,24694432.16,5.70E-15,7.353312853,0,86.82793746
17683752.48,696727.8942,4987676.895,5611658.35,2191789.097,2993769.098,744019.0169,7468894.348
16710302.04,196.8380617,67.5134464,24694005.94,152.5025687,97.8384735,5.299790234,8.76898309
17887391.64,8860583.794,401004.8769,3010040.906,2583302.355,1821748.165,2304644.972,5713209.631
16943400.16,3105512.189,371163.4589,14449875.01,1737595.367,3416764.567,510791.8779,1102832.226
16710300.15,1.31E-07,8.29E-07,24694534.7,2.37E-07,1.53E-07,3.15E-08,1.09E-07
16710300.17,1.295138312,0.281254374,24694531.76,0.095219827,1.008242191,0.130024566,0.130187989
16710300.15,2.93E-06,2.86E-06,24694534.7,1.21E-06,2.35E-06,1.20E-06,3.22E-06
16710300.15,1.87E-05,5.49E-05,24694534.7,0.000232515,5.01E-05,7.68E-05,2.29E-05
16710300.15,0.000161275,1.95E-05,24694534.7,5.55E-05,1.81E-06,3.40E-06,0.00037852
16710300.27,3.340670909,2.463019774,24694511.07,8.369168736,0,2.169598148,7.287503206
17399564.62,4668124.959,517246.9188,7183133.083,8589599.214,175539.3443,2525173.647,1035717.535
16710300.15,0.052399316,0.017345191,24694534.56,0.006498823,0.005490444,0.026408816,0.028356893
16710395.58,7248.797158,11948.77087,24663885.69,8660.613343,2790.833259,3.35E-13,0
18141797.69,6098503.914,4323907.081,1369329.042,1368545.059,793807.8029,2997077.03,7743364.771
16710300.15,0.000177923,6.75E-05,24694534.7,0.000366266,2.56E-05,1.88E-05,0.000253239
16710300.15,2.60E-05,4.29E-06,24694534.7,1.55E-05,5.80E-06,2.58E-05,1.15E-05
16710300.15,2.98E-07,1.01E-07,24694534.7,5.39E-07,6.20E-08,1.33E-07,5.50E-07
18155875.45,5267071.798,5970035.011,1601978.135,2624620.261,3889869.872,5003116.44,337843.1816
17778943.91,6164428.533,166187.4748,4158502.404,4946849.801,2534888.623,4966942.84,1756735.025
16710300.23,0.885439661,1.173748362,24694525.22,1.296050018,1.605489288,2.356243071,2.163787311
16757975.58,1123015.849,442999.39,20493879.27,1085644.177,1348459.018,193749.3763,6787.624257
16710344.21,4222.678418,3269.385311,24681385.05,2303.246675,1034.269684,412.0637345,1908.002302
16710300.15,1.49E-05,8.01E-06,24694534.7,7.87E-06,9.65E-06,2.88E-05,1.78E-05
16710300.15,0.001191877,0.00261598,24694534.68,0.00246198,0.000890118,0.009904108,0.001220109
16710300.15,8.29E-07,1.52E-06,24694534.7,1.47E-08,1.77E-06,1.31E-06,4.89E-06
17371465.97,2578427.841,3246790.684,8155763.721,2930673.164,1956025.869,1238667.228,4588186.192
16710542.54,3776.159396,14339.45244,24657850.37,6354.797776,9211.798277,1085.094091,1917.032769
16710300.15,0.066411244,0.007779735,24694534.3,0.005140833,0.087714474,0.210159962,0.027595636
18050254.15,22914534.23,332959.2958,165183.4964,265133.5589,689801.5627,83597.35057,243325.2071
16710300.71,27.27447381,4.498116459,24694441.6,16.20839635,6.082261964,27.00922105,12.02275412
16710300.28,1.423382687,7.238399801,24694517.45,0.859111733,1.658503504,5.296451612,0.774601548
16710300.15,0.000757536,0.000744747,24694534.7,0.000203858,4.75E-05,0.000796763,0.000721256
16710301.25,9.817517557,28.80032794,24694311.84,135.4477189,8.762014831,4.028565988,36.00713228
17074274.33,188656.7612,1149553.991,13014315.55,1181816.642,343254.5014,8407628.374,409308.8843
16709986.9,363364.5005,85335.53764,24187974.98,37163.64967,9048.433006,3050.058746,8597.541857
16710300.2,0.52596228,0.302428042,24694530.46,0.239799315,1.668704787,1.293403032,0.214519803
16710300.15,1.14E-05,7.28E-06,24694534.7,1.15E-06,8.14E-06,1.03E-06,1.63E-06
16710300.15,0.039763433,0.000870516,24694534.63,0.011516038,0.011094518,0.002945251,0.002656854
16710303.96,59.97656971,63.59463706,24693983.87,142.811835,98.28447032,14.67921261,171.4877568
16710300.53,0.177607608,5.676551846,24694467.44,45.68037082,1.672010622,6.212872348,7.842291778
16707546.44,1562095.461,2.72E-11,23122412.14,1.82E-11,1209.771899,1.82E-11,8817.330068
16710300.16,0.386594613,1.45E-16,24694533.29,0,0.103838488,0.747468204,0.168774976
16710300.18,3.051708938,1.582648054,24694526.38,0.330278166,0.145419212,0.850907147,2.363293381
16710300.15,5.57E-07,2.33E-05,24694534.7,4.00E-05,1.19E-05,1.70E-05,4.83E-05
17012994.87,1312808.241,1783362.219,13812320.06,728701.7037,3379207.004,3335214.32,342921.1514
16710300.19,0.401345339,0.483273985,24694528.14,3.30962398,0.10761483,1.973275562,0.289757165
18064480.26,1570512.511,7476065.959,2325711.179,4827025.143,2447330.112,1619629.833,4428259.963
16710305.66,252.4505375,167.5191111,24693317.23,372.3687524,78.7407396,28.96126169,317.4258803
16710160.4,183583.7612,22303.90371,24455658.15,11620.17841,11204.0455,10164.66113,0
17342248.48,1642971.3,970801.8111,8730458.426,5033381.751,276381.2011,7641641.024,398899.1863
16710300.16,0.365705753,0.163321784,24694533.02,0.139427983,0.207385937,0.397875351,0.403988476
17322771.3,5169298.29,1186614.867,8159165.601,5578671.858,1455358.015,1997566.272,1147859.798
18040664.18,24694522.51,3.388106226,0.230198635,2.677788265,0.841593279,2.696831217,2.353911684
16710300.57,28.61080002,6.298022374,24694462.14,1.236237868,1.121200347,31.5402907,3.751458662
16710300.15,6.15E-07,3.73E-08,24694534.7,1.85E-09,1.02E-07,1.43E-08,2.70E-08
17321823.64,73732.44973,3772907.688,9018420.967,5279614.71,108415.2122,6077638.807,363804.8668
16712103.49,2138.601675,0,24542204.78,38055.97082,53664.38965,48628.45114,9842.509651
16710629.61,6672.243233,28238.05554,24626376.24,9977.504001,666.2694877,2495.361019,20109.03083
16750428.79,1547313.767,269722.602,20788829.87,202147.2652,874733.5772,554140.9535,457646.668
17872712.17,659813.747,9143496.547,4204799.096,3184725.989,2646648.894,3846065.269,1008985.158
16710300.15,9.10E-06,4.39E-05,24694534.7,1.36E-05,7.66E-06,3.07E-06,1.39E-06
16930858.41,138256.8746,6247387.423,15334176.34,0,1132052.321,2.16E-09,1842661.742
16765135.26,1463500.46,2298312.34,19697801.66,2.58E-09,0,1234920.238,6.44E-10
16710302.34,285.5981114,194.3182418,24693724.96,174.1466031,2.69E-14,96.15189095,59.52788687
17310965.96,57621.1976,3148176.357,9401881.16,3890463.292,5448878.291,1055234.605,1692279.799
16710303.63,5.29E-14,28.06810699,24694249.84,31.97707234,49.83428013,174.9786584,3.52E-14
16711026.63,403.5366688,300.0645344,24618042.53,5519.043602,5909.455455,11390.82104,52969.25283
16959566.04,282147.6876,417863.8243,15089596.54,751626.8311,1807537.828,3851139.117,2494622.872
16710300.15,0.000367886,0.002359936,24694534.66,0.011888568,0.009891404,0.006264234,0.007337575
16710300.15,0.052210939,8.93E-18,24694534.34,0.01439402,0.063202888,0.115524297,0.110920131
17186354.19,1857326.597,9148660.764,10768179.3,642734.9665,418910.0303,1187437.276,671285.7623
16710308.97,601.1614736,366.5783467,24692534.52,497.6111373,383.756473,35.0243581,116.0521645
16710482.87,39443.70392,2935.773035,24615802.47,14067.69822,7822.929684,1.21E-11,14462.12945
16710329.47,71.66866019,185.1514372,24691810.39,433.3426676,457.7334721,1171.358476,405.0554485
16710300.15,1.79E-06,1.08E-21,24694534.7,3.05E-05,2.33E-06,3.25E-21,3.34E-06
18040664.09,24694534.7,8.11E-06,6.43E-06,1.76E-05,4.76E-05,5.07E-06,5.58E-06
17714738.54,1100821.171,8825952.55,5618541.33,1154861.18,1304921.582,6310308.992,379127.8951
16710300.15,1.91E-05,2.83E-06,24694534.7,1.66E-05,5.71E-06,1.90E-05,1.06E-05
17517559.24,4239871.924,31743.23538,6203410.679,8006112.863,277938.6388,3190604.414,2744852.946
17047213.2,6422455.133,1071728.115,11622001.97,847534.6288,85263.93711,1829576.721,2815974.195
16710300.15,0.000138374,1.21E-05,24694534.7,7.11E-06,2.54E-05,1.26E-05,4.26E-06
16710839.27,677.1186243,18341.87897,24640490.31,1156.369342,4180.940642,27906.359,1781.722574
16710944.5,8258.647518,8027.900847,24625255.7,10692.69602,24879.53396,8612.433994,8807.789164
16720807.62,335628.9731,329962.6622,23245027.59,90320.15595,21031.43953,353008.6521,319555.2226
16710308.57,62.50320178,201.0236744,24693637,69.96106275,251.3878984,174.4162492,138.412588
18040664.09,24694534.69,0.002591243,0.000836707,0.00127071,0.003428637,0.002774337,0.002917162
18040664.09,24694534.69,0.001507229,0.001029176,0.001405875,0.001529212,0.003327961,0.00057562
16710667.82,11156.35661,14483.80541,24620820.49,21820.56057,4741.351042,1494.190704,20017.94312
16781305.21,73290.56731,482816.7249,19956066.15,1147597.123,975725.9048,783941.6543,1275096.577
16723341.03,259840.2962,338266.1989,23271647.61,154148.1843,345456.7803,298582.1947,26593.43571
18008749.17,926122.0485,2198578.297,2710764.901,7381431.982,5224713.375,1534281.099,4718642.997
16710300.15,1.62E-07,5.45E-07,24694534.7,5.07E-06,1.00E-06,1.35E-06,5.11E-06
16709770.32,447983.0283,0,24195366.01,0,30483.55836,20702.10132,0
16710393.66,1529.897761,227.0205827,24684022.04,1034.233047,1346.804687,3313.069449,3061.635023
16710300.15,0.006075769,0.003174346,24694534.67,0.005773404,0.000742784,0.010148784,0.005553659
18078972.34,9131578.279,3163048.128,1432344.505,2482939.456,2182738.645,171276.4495,6130609.238
17611473.22,4849175.064,5069845.848,5441447.689,5298638.811,191082.3054,3428208.365,416136.618
17333454.24,9690199.696,1086598.153,7349039.161,5252168.585,863267.6702,391970.6018,61290.83366
16710519.93,4169.777614,8196.747517,24667000.33,813.8478708,5361.814678,7242.574676,1749.609409
16711063.22,18471.97124,6896.873449,24594501.42,22290.64718,20615.51026,18586.60772,13171.66684
16710302.64,6.767529098,14.14974526,24694274.47,37.75438802,59.88930916,28.38479916,113.2835289
16710306.06,539.3786671,98.26102708,24693221.48,89.3554496,239.8561661,54.32323204,292.0416801
17670341.85,3452183.747,5672086.546,5585285.416,604645.6379,4584296.767,907503.8846,3888532.701
16710303.48,312.614031,24.09868793,24693849.73,44.88882492,34.01451038,242.2514812,27.10698883
16710300.15,2.14E-18,0.002012356,24694534.69,0.002017016,0.000760717,0.003850754,0.002611462
17492608.8,497599.8403,8017287.575,7736148.754,164599.9273,1693610.148,4973021.206,1612267.25
16862671.01,2130432.65,2770156.441,15799442.37,2720302.195,195427.2271,1011753.339,67020.47347
16710300.15,2.43E-06,2.03E-06,24694534.7,1.80E-05,4.50E-06,2.13E-06,1.70E-06
16726737.7,93237.79166,20763.4432,23466533.22,41387.37333,41594.73588,1005063.443,25954.69746
16710300.15,4.37E-05,1.90E-05,24694534.7,1.17E-05,7.92E-06,8.60E-05,3.65E-05
17500248.95,3904999.58,1267281.05,6698462.832,4622476.865,3922822.172,191077.5428,4087414.658
17821522.49,963600.6888,7814975.964,4772941.671,119735.5671,2740060.092,5072674.539,3210546.179
17701354.75,5379866.027,1056520.206,5023707.982,1733917.64,4121926.574,1289365.428,6089230.843
16710392.18,658.9716433,1083.049564,24685979.04,333.1141198,779.8572996,5161.944908,538.7197097
18040664.09,24694534.7,2.82E-06,2.64E-07,1.14E-06,5.03E-07,5.75E-07,1.88E-06
18196835.8,17788.03245,9555.100433,3274.042215,24597913.18,13191.7241,22891.76275,29920.86045
16909908.74,1667127.717,35627.99328,15332440.48,3742000.17,2181552.381,1735785.96,0
16710300.15,1.50E-08,9.60E-08,24694534.7,4.84E-07,4.02E-07,2.55E-07,2.99E-07
17690578.44,950891.822,6402250.603,5562157.639,3714097.346,2362149.729,4791118.72,911868.8408
16710300.15,8.70E-05,2.32E-06,24694534.7,0.000132257,9.19E-05,0.000136964,2.01E-05
16710300.15,2.66E-07,9.94E-08,24694534.7,9.81E-07,1.44E-07,8.33E-09,4.62E-08
17593663.15,11922192.57,2568197.214,5089560.225,702632.7674,579611.085,3418460.002,413880.835
16710300.15,0.000212326,0.000181709,24694534.7,0.000517713,0.000599277,0.000205777,0.000309798
16710300.15,0.000802047,0.000192452,24694534.7,0.000120413,0.000108553,6.12E-05,0.000154957
16792376.7,910397.1029,0,19030466.02,562596.8737,102935.6671,887075.6819,3201063.353
16710300.15,1.43E-08,0,24694534.7,6.50E-23,2.86E-08,1.59E-07,1.36E-07
17009810.09,2520653.915,163232.1191,13481712.29,2774282.531,5413699.063,243020.8422,97933.94394
17446584.03,481889.7175,266886.7656,8273972.887,1476562.645,6429503.728,2114288.117,5651430.84
18103245.09,3938410.184,2163131.912,1943283.451,5946212.412,7568510.722,1997134.96,1137851.058
16718963.14,9402.495752,173237.9366,23893808.16,76371.15496,184054.5669,205823.9161,151836.4695
16710300.15,7.46E-08,2.28E-06,24694534.7,0,6.42E-06,0,1.43E-07
17439412.16,2333213.154,979113.8077,7816690.379,3521230.35,5767666.403,1929864.724,2346755.883
16710300.15,8.57E-07,2.87E-07,24694534.7,1.46E-07,7.80E-07,1.68E-07,2.08E-07
18265207.58,3117592.863,6145210.203,724177.168,4115208.199,6772335.445,2460394.164,1359616.659
16710408.51,195.4860466,1192.273156,24683590.84,0,2478.927605,956.5503005,6120.626893
16710300.15,0.000136134,0.000796104,24694534.7,0.000168999,0.000469069,6.79E-05,0.000206667
17472918.17,2905112.95,777030.7037,7399413.367,1435697.344,3153644.487,249191.179,8774444.668
16710323.08,213.1552741,118.2136945,24692228.67,377.0302233,451.4990225,860.6574179,285.4764228
16710586.99,121219.2902,27314.11283,24484751.22,10926.2221,12580.12983,1995.750115,35747.97814
16721566.99,37838.67827,62845.56051,23638596.74,396291.5828,277546.8148,281415.3282,2.66E-10
16710300.15,9.32E-06,4.22E-07,24694534.7,2.87E-06,6.27E-07,2.12E-06,2.79E-06
16710301.01,4.082225691,6.253385439,24694450.88,18.60610776,37.81114493,3.276747621,13.79199936
16721863.14,157900.3548,2.39E-11,23413614.35,28742.93316,102947.4679,48170.828,943158.7669
17480522.79,6954347.646,4372802.758,6684283.613,1522179.651,2798274.691,1285031.127,1077615.213
16710300.15,3.50E-05,8.89E-06,24694534.7,3.86E-06,9.92E-06,8.62E-06,0.000117921
16710300.15,7.98E-07,1.83E-06,24694534.7,1.78E-07,2.94E-06,2.04E-07,3.55E-07
16710305.77,97.68536404,58.80480193,24693933.89,73.79010152,156.6888863,201.9399048,11.90168636
18186720.35,1216278.525,5882927.451,1583927.89,3145267.956,4231907.176,648948.0687,7985277.634
16710300.3,3.520743248,0.391751747,24694519.14,0.17188093,0.65766497,10.17910355,0.643638501
18144904.87,6472985.454,281710.3053,1295028.13,5398693.811,5180231.101,1555875.768,4510010.131
16710300.15,0.002717387,0.000231171,24694534.69,0.001953071,0.00040533,0.000185015,0.000265636
16917984.68,6608200.391,538060.9823,13574167.52,1763343.211,14568.0654,675419.4607,1520775.068
16710300.15,3.21E-05,3.58E-06,24694534.7,3.12E-05,2.00E-06,2.75E-05,7.92E-05
16710387.45,546.7496119,10243.67751,24679143.31,1033.947576,1878.616525,1085.232849,603.1691703
18295013.1,5208539.593,6054173.085,1625.441412,1775087.432,5620200.828,3942133.905,2092774.417
16710693.89,2825.612773,0.905729057,24628359.63,45829.1306,4957.837183,5316.375392,7245.207447
16710192.74,200887.3166,25802.06621,24415917.29,7978.252927,1.24E-11,5590.750742,38359.02661
16710300.15,2.23E-06,9.04E-07,24694534.7,8.80E-07,2.46E-07,4.35E-07,1.07E-07
16710301.87,17.84296729,104.3450554,24694292.89,22.15058696,61.4806911,8.901324442,27.08777908
16710300.15,0.000646785,0.000679078,24694534.7,0.002355926,0.000215722,0.000168922,0.000326662
17318951.86,274400.7346,6924559.588,9072258.48,2224725.773,320835.1816,434289.4021,5443465.541
16711979.89,39633.73545,14619.27407,24463118.17,7927.237923,3772.811961,42343.70703,123119.7672
18222461.6,1876432.422,1490556.505,260263.3453,15789322.91,1677169.99,2540427.87,1060361.657
17628052.29,3567492.292,1383837.913,5909026.102,3147832.596,7458775.234,270576.5984,2956993.964
16710431.21,19983.60546,2.41E-12,24652220.12,4833.868588,4213.738445,0,13283.3722
16710300.15,0.056592164,0.018248753,24694534.41,0.051582796,0.044978737,0.05205279,0.065126979
16710655.19,3810.762121,2024.025069,24653040.8,9688.428139,9641.45007,4906.902667,11422.33171
16710305.78,238.9862764,100.5707908,24693579.92,224.5139348,210.9575704,51.73718399,128.010991
17642059.63,1991000.562,3469769.902,5752768.677,3628820.009,3672922.476,2256562.223,3922690.851
16710300.15,2.32E-06,6.68E-06,24694534.7,3.87E-06,6.08E-06,5.95E-06,1.83E-06
16710300.15,7.99E-05,0.000771209,24694534.7,4.37E-05,5.67E-05,0.000228459,4.91E-05
16710300.15,0.020733711,0.008632667,24694534.63,0.025402502,1.31E-18,9.75E-05,0.016773765
16723821.4,247606.6324,255259.9526,23076451.81,410383.8383,159708.5536,344085.9707,201037.9409
18040669.82,24693376.47,311.6163364,38.62744091,751.0441489,0,16.36331164,40.58265921
16710300.18,0.417105234,3.626831019,24694529.01,0.078788806,1.146821053,0.204456102,0.21309001
16710300.16,1.601586929,0.007808192,24694531.67,0.012611401,0.836453702,0.238720354,0.332999459
16710300.15,0.01205196,0.009592103,24694534.61,0.01836875,0.008527655,0.016526116,0.026615019
16712336.59,513131.6118,93050.1383,23798495.67,76277.67724,52355.47822,32798.4766,128425.6504
16710300.15,0.012310096,0.004330018,24694534.59,0.033984293,0.004514921,0.038040772,0.016995642
16710301.37,26.26110224,0,24694398.58,0,16.33332042,46.43529887,47.09251612
16710300.15,3.20E-05,2.93E-05,24694534.7,2.09E-05,3.82E-06,3.62E-05,5.35E-06
17928689.99,4622667.688,3779945.47,3462120.674,607010.7293,5011500.328,4069558.215,3141731.595
17535157.26,3055534.197,3218197.628,6599883.127,2643153.695,1827579.286,3727700.218,3622486.549
16720822.81,35008.86105,67973.74119,23646740.97,359749.7198,161404.7265,297815.8985,125840.7835
16710300.15,3.00E-07,3.05E-08,24694534.7,3.71E-07,1.39E-08,2.03E-07,2.53E-08
16710300.15,1.27E-06,5.04E-07,24694534.7,5.26E-07,5.11E-06,5.24E-06,2.11E-06
18196626.24,7.552735799,223.0752276,35.92713224,24693627.03,252.7274957,285.5279277,102.8563024
16710300.15,0.005843166,0.007111858,24694534.64,0.036311414,0,0.011429067,0.001756046
16712053.74,37883.59955,41903.06388,24446735.7,4116.074822,12797.43958,34724.02231,116374.7962
16710304.85,432.9028867,94.76204259,24693552.15,63.94366245,165.1270916,189.9497955,35.86646169
16771125.8,3358536.534,341804.3571,18422731.16,892746.6669,3.97E-10,436168.8612,1242547.119
17657808.35,2891954.846,701335.158,5632556.884,3647577.99,2780011.107,5144317.51,3896781.206
18196622.2,8.351671327,20.60597958,0.488537328,24694458.77,14.91622045,11.36068379,20.20344275
16764099.01,802764.1772,145152.5933,20831830.48,577785.2684,1818673.639,411229.8961,107098.6464
16707516.26,1594080.029,2152.576644,23091571.55,2135.017746,1709.840671,0,2885.681324
17081801.81,220802.3709,1468466.71,12575288.28,1593529.118,2024185.179,3308236.052,3504026.992
16727366.91,302530.2871,525833.6786,22661040.42,354674.2704,283093.7494,177231.6839,390130.6085
16710300.15,0.000462431,0.000534081,24694534.69,0.006764242,0.000318421,1.10E-19,0.00464519
16710300.15,0.00176071,0.008217796,24694534.68,0.004555946,0.000149612,0.002323757,0.000394258
17782219.16,63492.71916,2026523.199,5509404.219,472425.7383,7024642.131,8633418.974,964627.7196
16719198.68,155300.7485,227520.2421,23651148.84,207871.8782,234456.7807,189258.558,28977.64838
16710300.15,5.81E-05,0.000203473,24694534.7,2.45E-05,0.000301519,0,0.000152923
16710300.15,4.63E-06,1.43E-05,24694534.7,1.90E-05,2.93E-06,6.47E-06,5.38E-06
16710857.14,7113.559045,6751.694258,24585682.63,68001.23014,0,8791.66307,18193.92132
16710300.15,4.55E-06,4.22E-06,24694534.7,6.66E-05,7.37E-05,3.94E-05,5.57E-05
18040664.09,24694534.69,0.00241393,0.001406305,0.000724637,0.000913934,0.005478072,0.001772803
17618631.85,4007210.523,285514.1917,5789612.682,2257275.078,46140.94559,316674.9481,11992106.33
17992432.83,7818837.578,5132702.945,2300000.628,1160842.57,672455.0223,1852018.676,5757677.28
16710300.15,3.18E-05,5.50E-05,24694534.7,3.19E-05,4.34E-05,3.58E-05,3.71E-05
16710300.32,4.623653972,1.370245244,24694501.48,18.85976669,4.022343193,0.487629119,3.853395445
18196621.76,0.000114762,8.69E-05,2.90E-05,24694534.7,0.00017616,0.000102574,0.000105195
16710358.82,1210.464602,1190.489031,24685817.9,432.5186537,187.6680072,1140.035705,4555.620238
17202201.34,411758.4604,2896571.464,10832388.26,3293917.68,6125350.413,845133.4964,289414.9274
16710300.15,9.55E-07,2.19E-05,24694534.7,7.45E-06,4.52E-05,1.23E-05,1.24E-05
17760505.31,913866.9248,8161244.232,5149376.264,1408391.283,198941.3669,7126922.144,1735792.485
16710300.15,0.161982054,0.096376646,24694534.12,0.158712438,0.149705721,0.001481986,0.009625102
16710300.31,0.682147816,0.037808383,24694513.32,12.35753935,0.84964908,6.199951187,1.249281815
17562750.33,1935150.636,6023815.091,6718147.88,1653622.035,2212979.551,5007312.587,1143506.92
16710310.1,27.86049107,727.3376913,24693171.68,24.20035843,239.794283,135.1479219,208.6828548
18195375.79,1873956.266,6974634.449,1450818.795,1827556.011,1976115.439,2635407.329,7956046.412
17940797.92,2461332.271,823723.7458,3134067.298,8109891.399,6082956.858,2015581.222,2066981.906
16710300.25,2.699864469,1.554523313,24694523.06,1.147662821,5.491118505,0.470304077,0.274792397
17889452.12,4032598.434,3924871.255,3105960.809,7201822.155,113109.4231,4075387.918,2240784.707
17828383.91,2348876.853,3921516.157,4534180.312,1325121.567,3135338.526,8243415.666,1186085.619
16710300.28,0.198930856,5.208689347,24694519.33,1.310169062,0.535817163,5.330995347,2.789946018
16710423.31,634.6071692,1221.909075,24683124.88,489.1659177,3491.906963,2812.737708,2759.49024
16710300.15,3.75E-06,5.27E-06,24694534.7,1.33E-06,4.48E-07,1.29E-06,1.30E-06
16710300.15,1.00E-07,7.03E-08,24694534.7,4.32E-08,4.21E-08,2.39E-08,5.61E-09
16710323.54,1331.348057,1177.093315,24689740.43,694.9636086,522.3721055,692.8899569,375.604514
18195533.37,369519.417,562838.5794,60752.97334,23134112.05,233884.4968,208840.3765,124586.8064
17136810.58,624380.117,1305471.978,11639830.46,1658697.054,2368053.179,2618814.632,4479287.282
17107791.12,1845110.416,201186.7268,11580065.19,4828770.044,518973.3559,4786242.842,934186.1253
16710352.85,211.0503673,777.4685504,24689511.25,733.8092035,1038.40929,2151.188394,111.520074
16710300.15,0.001936169,0.013302581,24694534.67,0.009446865,4.87E-05,0.00341578,0.003671377
16710300.15,0.00066975,0.000187319,24694534.7,1.85E-05,0.000109457,0.000150822,0.000183326
16710341.84,1625.157053,299.1954313,24688049.86,1803.696231,615.8321362,1993.899381,147.0574722
16710321.52,720.9835788,265.3310371,24691150.28,148.9704499,358.5577951,130.4005101,1760.173974
16994395.17,1423068.757,1283367.958,13473711.52,3803845.546,2905952.352,437617.4867,1366971.082
17829166.31,15308969.01,530768.7161,2595018.088,3302437.607,474061.7077,878531.3662,1604748.208
16858193.23,1103119.405,1686329.724,16483110.67,2059748.764,295334.088,1705722.812,1361169.236
18040664.09,24694534.68,0.001928368,0.000248426,0.000624209,0.008802999,0.00018564,0.003881366
17300792.59,1255090.09,3701912.004,9249022.505,1895224.053,18691.57907,4895467.585,3679126.883
16710300.18,1.160504511,0.021863569,24694529.47,1.424198721,0.694794795,0.701061229,1.227655626
16710300.15,0.000571274,0.002781714,24694534.68,0.002093346,0.005152805,0.006862599,0.00568799
18040664.09,24694534.7,4.22E-07,9.17E-08,2.60E-07,2.85E-07,2.93E-07,3.64E-07
16710300.15,2.72E-08,5.75E-08,24694534.7,2.44E-08,1.11E-07,7.32E-07,1.03E-07
18186723.35,1780530.994,4481139.646,1467488.141,3465954.418,1745182.304,5806085.199,5948153.997
16710300.15,0.007517745,0.117157573,24694534.34,0.115346601,0.002453352,0.100870538,0.0122285
18196622.66,3.331974824,2.308821429,0.3401985,24694449.74,24.09600904,32.11139129,22.77332938
16710300.15,0.007561075,0.000967765,24694534.67,0.00565122,0.008223097,0.000985935,0.00785472
16710914.17,8430.108354,24014.16716,24603123.3,3694.920663,4926.136992,6894.668136,43451.39707
16710307.23,482.1226677,325.7861758,24692676.28,724.7215453,258.8243505,0,66.96997015
17364782.56,2511241.624,2616793.436,8549460.05,3390378.167,5563757.813,1946927.414,115976.1962
17748921.03,1216145.636,7334270.634,4822657.19,5700742.515,3936469.895,18020.60353,1666228.227
16712009.12,54574.91316,20960.55848,24425758.18,107769.2089,57378.52031,28093.31617,0
17480015.01,355501.7567,939807.4166,7437356.985,5506870.856,4820136.388,1445007.52,4189853.777
16710300.15,0.704992716,0.126300805,24694533.43,0.212622372,0.044405618,0,0.183988466
16710301.67,1.75794079,61.76939205,24694348.92,15.39854793,38.74300769,10.82643358,57.28514162
16710455.67,13715.52813,9644.355886,24655424.45,5933.836257,5773.267987,3273.413092,769.852917
17055359.59,1427007.547,538386.93,12590116.52,2783043.519,1286707.794,3048574.319,3020698.071
18040664.09,24694534.7,0.000453108,4.25E-07,0.00075699,0.000608775,0.000288336,0.000339169
16710300.15,4.33E-05,3.09E-05,24694534.7,7.35E-05,4.48E-06,3.08E-07,4.82E-05
16713152.22,19201.73533,99677.31561,24381943.98,15755.21606,105169.2478,18221.4879,54565.71535
16710300.15,0.000100842,4.56E-05,24694534.7,5.18E-05,4.34E-07,7.47E-06,5.89E-05
16710309.59,425.364893,468.1186609,24692641.43,336.1777339,277.654231,49.19459498,336.7558937
16710364.35,340.8860875,10391.36005,24680679.69,1318.756617,391.9287064,1279.93009,132.1533053
17553254.21,4373355.966,539501.5988,6689686.893,80183.85548,5300862.369,1832956.069,5877987.949
16710300.15,9.14E-09,2.68E-08,24694534.7,3.78E-08,8.16E-08,2.63E-08,3.35E-08
16710300.15,1.47E-08,1.61E-08,24694534.7,1.51E-08,3.50E-08,1.30E-08,4.58E-08
16710300.15,2.36E-05,0.000107124,24694534.7,0.000174459,1.95E-06,0.00016827,0.001075614
16710300.15,9.04E-08,3.02E-08,24694534.7,4.45E-08,1.96E-08,2.12E-08,1.44E-07
16711018.04,1717.613414,20930.91276,24608273.1,10225.73166,5353.749359,20796.47565,27237.11723
16710300.15,1.01E-06,5.53E-07,24694534.7,9.48E-08,1.53E-06,1.04E-06,5.89E-07
16710300.15,0.000807349,0.001185527,24694534.69,5.35E-05,1.81E-19,0.00220759,0.003121088
17889162.43,4284477.339,6481386.492,3696291.864,1726892.223,4355017.258,2257381.847,1893087.677
17956338.49,3326017.415,5834121.007,2914304.196,3803708.239,1088497.642,1796621.648,5931264.554
17402490.92,212329.5792,1784554.981,7653022.804,9095394.495,1559676.586,530025.9477,3859530.307
16919022.47,1197036.455,566537.282,16049829.8,28561.1072,3368386.652,3003873.439,480309.9702
16803733.17,6188667.247,1025120.583,16418704.43,0,198172.4407,418127.8884,445742.1145
17709688.23,2916393.886,300052.3842,5380881.129,1777749.885,3564048.986,4613245.792,6142162.638
16710300.15,3.89E-06,1.34E-07,24694534.7,5.23E-07,2.37E-06,3.57E-06,3.26E-06
16710592.5,757.512956,9713.705927,24647744.12,21773.63601,4865.939158,2328.802373,7350.9823
16710333.03,1622.290403,111.9568928,24689074.61,1506.450266,847.5699284,1221.094307,150.7307997
16710300.15,0.027114967,0.009070421,24694534.61,0.041928975,0.003391711,0.002353488,0.008298137
17570160.69,3166193.141,2813452.516,6458342.684,2339285.141,3192332.642,5205065.437,1519863.139
17472025.77,3673298.9,778772.7178,7162474.205,1679340.069,68514.16593,255092.0096,11077042.63
16710300.15,0.147857462,0.023445564,24694534.08,0.279452016,0.053442086,0.015624939,0.101695805
16710300.15,1.02E-06,1.40E-05,24694534.7,2.67E-06,6.33E-07,2.11E-05,1.19E-05
16710300.15,0.118896813,0.031588415,24694534.34,0.107191059,0.064383285,0.015051565,0.025316026
16710300.16,0.265687821,0.60575791,24694533.31,0.117281412,0.158157268,0.080607936,0.158608732
16711362.16,55352.19334,2365.85062,24527903.81,41414.12697,48288.12571,19210.59778,0
16710538.31,4600.378706,14074.76734,24647323.54,19766.00499,5685.84363,1370.968992,1713.198698
16710300.15,0.001114155,7.46E-05,24694534.7,0.001155821,0.001153143,0.000951494,0.000321127
16710312.19,87.54379691,133.2465678,24693146.64,376.7725705,409.0220282,96.97122001,284.5051885
16710300.55,58.20234726,1.69901238,24694420.68,0.090098616,4.631920854,18.84731631,30.55304743
16718220.29,29613.16205,175989.8693,23861782.06,130006.0411,155790.2167,142761.8008,198591.5465
16710300.16,0.101409861,0.309260138,24694533.65,0.019774558,0.477244177,0.050200121,0.094917174
17875308.24,1933615.389,210976.5333,3838364.478,5860042.084,2366411.909,6529335.766,3955788.541
16754970.29,729816.3063,461872.3346,21274710.1,76968.13305,1187834.583,772537.4365,190795.8019
16710375.62,0,345.221426,24687841.46,2245.312579,3650.103667,375.6916036,76.90971565
16710300.15,3.04E-05,3.71E-07,24694534.7,3.45E-05,1.95E-05,5.15E-06,2.43E-06
16710300.15,7.47E-05,4.43E-05,24694534.7,5.49E-07,0.000139121,0.000160963,0.000162152
18040664.09,24694534.7,3.48E-06,1.73E-06,6.45E-06,8.06E-07,6.22E-06,4.01E-06
16710539.32,9421.416481,5783.287102,24658567.98,4381.360431,11429.67629,1183.951177,3767.027125
16710300.15,5.74E-08,4.15E-08,24694534.7,5.37E-08,4.87E-09,4.00E-09,3.91E-08
16710300.15,0.001346602,0.015623903,24694534.66,0.002201191,0.023060279,0.0014447,0.000563157
16710300.15,5.12E-06,3.02E-06,24694534.7,1.45E-05,1.20E-06,5.32E-07,2.19E-05
16710300.15,6.04E-22,3.12E-08,24694534.7,3.00E-06,1.35E-05,5.58E-07,8.25E-07
16710300.15,0.007545556,0.032121395,24694534.62,0.033216942,0,0.001581724,0.004249516
16860412.81,51429.39624,2452872.638,16707248.15,2081898.77,446139.5947,1290403.309,1664542.845
17691067.01,5539897.728,4484079.985,5028431.656,1094603.917,1768766.37,3432264.307,3346490.739
18122548.05,3868836.26,1102112.757,1513111.476,6393489.269,517473.4364,4758244.49,6541267.011
18049448.12,23605163.89,95015.32129,25168.74006,404473.2794,9111.333125,347666.8273,207935.3056
17406540.42,3961205.091,927221.2855,8053196.744,761420.4335,531900.1381,8035057.013,2424533.995
16735704.96,430966.9119,359009.2521,21813325.37,1071165.425,86358.01066,514535.8134,419173.9168
16710300.15,1.72E-06,9.34E-07,24694534.7,1.83E-06,1.19E-06,4.07E-07,5.43E-07
18176402.87,5733995.337,5533450.285,1347705.462,1636540.47,4080245.064,4173754.59,2188843.491
16710300.15,1.20E-07,3.17E-06,24694534.7,1.81E-06,7.13E-06,4.75E-06,5.64E-07
16710462.63,38.50806889,151.5583071,24676870.29,0,1141.157136,1149.595709,15183.58886
16711358.43,27947.13026,11164.05187,24554044.24,28365.23893,18096.82002,41287.25453,13629.9641
18199380.22,4630014.594,7970956.109,781725.9107,5511095.055,308757.7039,3325151.56,2166833.767
16710300.15,3.19E-06,2.54E-06,24694534.7,5.02E-06,2.41E-05,1.10E-06,1.21E-07
16710305.17,1264.312793,528.71718,24692011.87,191.1442214,35.12466429,379.2403535,124.2927773
16710301.58,9.622348521,30.25982448,24694387.58,20.003942,53.75317038,23.47398516,10.00599447
16710324.99,912.3564502,708.2014051,24690731.02,654.4673206,732.6723325,795.9859671,1.18E-13
16710300.15,4.81E-08,1.40E-07,24694534.7,2.74E-08,5.64E-08,7.35E-08,8.82E-08
16710463.6,550.5953081,0,24682079.83,664.0928814,7662.811274,1414.271054,2163.103183
16710300.15,6.95E-06,6.38E-06,24694534.7,3.88E-06,7.00E-06,7.74E-06,7.67E-07
17279480.16,460935.2397,2098226.979,8936187.624,9571392.309,1648998.298,766982.3085,1211811.942
16710300.15,7.97E-09,1.35E-08,24694534.7,2.96E-07,2.06E-08,7.43E-09,4.64E-08
17424496.17,446391.5762,5888912.027,8395605.882,849942.8301,4053953.276,3391443.186,1668285.923
16710302.55,40.22310338,44.50364116,24694221.65,26.00325002,32.95696488,60.20191322,109.1615868
16710300.15,1.91E-07,2.30E-07,24694534.7,1.58E-06,5.13E-08,9.41E-07,1.38E-07
16710308.09,87.07411322,44.19486737,24693752.73,139.1629176,180.0424496,326.9065575,4.589700275
18080731.32,11264806.38,72388.00113,1424736.182,1303747.871,927310.1783,4172822.574,5528723.511
16711974.2,52429.87301,74524.03518,24429168.15,39589.18345,18533.78716,72239.24287,8050.426292
16710300.15,6.73E-22,1.67E-07,24694534.7,1.36E-06,9.27E-08,9.43E-07,2.31E-06
17841379.33,415910.9341,224152.2508,4113014.354,6941376.727,99831.45411,7206503.312,5693745.668
17911567.52,2502111.228,5607304.309,3139741.451,5587944.192,368497.9807,7045.480694,7481890.058
16710300.77,3.445323179,25.56857382,24694444.02,33.9723989,13.21899595,13.09345619,1.384901911
16710300.15,3.62E-09,2.33E-08,24694534.7,2.96E-08,5.36E-09,2.32E-08,2.34E-08
16710300.15,0.002265857,0.016080271,24694534.66,0.008297317,0.000984073,0.001283405,0.008591798
16710300.15,0.02636643,0.029728687,24694534.57,0.007979442,0.017330453,0.032879613,0.018310752
16710300.15,0.003617316,0.001819332,24694534.68,0.000220117,0.0054013,0.006572128,0.004844144
16710300.15,0.082934843,0.034530667,24694534.41,0.101610006,5.24E-18,0.000389852,0.067095057
16750743.73,365527.3565,672877.4022,21634368.78,0,132841.341,1888919.817,0
16710300.17,1.107052758,0.338344084,24694531.53,0.322715598,0.049795816,1.082502236,0.270245599
16707484.84,1603470.392,1.15E-12,23084328.2,3852.857456,0,758.5590219,2124.69211
16710300.15,9.32E-06,2.68E-06,24694534.7,1.44E-05,1.14E-05,4.50E-07,1.20E-06
17752733.49,4117556.505,3584162.302,4882044.638,376180.7142,5386951.534,2050196.536,4297442.471
16710308.13,71.49219259,0,24693393.46,354.4456879,86.60373858,24.47758293,604.2205287
16710763.43,2769.723057,2823.926903,24648340.81,3362.375546,63.16208711,24220.64209,12954.06484
16710300.15,2.23E-06,6.79E-07,24694534.7,8.25E-08,2.68E-07,7.35E-08,9.98E-23
18040811.52,24653857.4,3500.46489,4700.859539,2594.205028,1494.414278,19312.26255,9075.091387
16993676.9,462031.9442,3779571.153,13761350.71,1400413.189,872824.9377,1783083.011,2635259.757
17432257.24,1422419.036,2284431.501,7762312.918,3494299.314,3951978.655,100448.8529,5678644.423
16753561.46,845296.8299,537105.4288,20825121.33,634770.1937,437165.3436,928017.4863,487058.0897
16710300.15,0.005392995,0.000585952,24694534.68,0.002480155,0.005347981,0.002458874,0.00219773
16710300.15,0.003171933,0.008415814,24694534.61,0.023625889,0.004339139,0.025957893,0.026802258
16717265.47,54103.79989,226082.1891,23963951.29,43718.0491,212950.7228,102173.5202,91555.12642
16926500.76,697500.1788,987267.2025,15523331.7,1521116.078,89189.16532,5763247.132,112883.2437
16710300.15,1.00E-06,5.45E-06,24694534.7,1.09E-05,3.71E-06,1.74E-06,5.81E-07
16710300.15,6.32E-06,9.12E-06,24694534.7,9.76E-07,1.46E-06,1.23E-05,9.26E-06
18040664.09,24694534.7,2.04E-07,1.75E-07,5.61E-07,4.88E-07,3.18E-07,1.64E-07
16710300.67,1.587867594,2.389355264,24694494.57,2.526934163,21.02473198,10.3840976,2.220214101
16768763.01,244216.6586,1552179.58,20458859.05,421463.1047,1129452.115,637002.6637,251361.5249
18142641.08,5190779.141,3787794.435,1624167.149,2379173.422,4131234.013,4109093.322,3472293.218
16710300.15,1.957780628,0.325047669,24694531.74,0.060728374,0.403484553,0.04403565,0.167996451
17696687.75,4449401.822,2800928.838,4994923.646,3437043.383,99665.41085,7141380.876,1771190.725
16710300.15,5.72E-07,3.65E-07,24694534.7,1.69E-07,7.82E-07,6.58E-08,6.51E-07
16713982.94,92297.1619,400323.732,23966505.47,110091.444,11519.80565,85969.54323,27827.54817
16851208.46,192399.9299,25078.79683,17491983.27,562519.7376,961922.8689,399540.9871,5061089.108
16710300.15,1.00E-06,1.17E-06,24694534.7,8.06E-08,4.45E-07,2.73E-06,1.68E-07
17507072.86,748422.2852,919977.6741,7966563.229,707516.7179,12343266.61,478407.7083,1530380.48
16710300.15,8.02E-05,0.00049439,24694534.7,0.000494496,0.000278204,0.000341058,0.001303433
16710300.15,9.82E-05,0.000136137,24694534.7,0.000114652,0.001205781,7.90E-05,0.001138426
17159399.29,3144563.005,0,10232800.46,7380847.962,1236698.682,1077054.157,1622570.437
16710303.43,36.90171168,5.524252551,24694145.76,64.16618999,8.23367766,125.6874174,148.424896
17671504.11,4108534.408,1432427.584,5481526.8,3052094.512,5301460.692,3536689.074,1781801.63
17807809.82,5294281.973,1800998.872,4168616.488,2805917.794,3324083.25,5382456.66,1918179.664
18182254.19,4632822.668,5618047.064,1090617.222,4386451.189,542365.1906,6249317.673,2174913.693
16710300.15,6.77E-05,3.20E-06,24694534.7,1.56E-05,8.65E-07,7.84E-06,1.84E-05
16710350.84,2022.919894,529.4077376,24686575.21,965.2557891,539.7227628,1895.13393,2007.045762
17090115.38,688954.8922,2566403.202,12240646.56,2841061.585,2632407.086,3002326.248,722735.1299
17569364.91,5710381.446,1408487.417,6086168.755,1470954.383,4283655.085,14470.99885,5720416.616
16710300.16,0.553791982,0.039352226,24694533.19,0.069895946,0.09636383,0.170509108,0.582671108
16710300.15,1.86E-07,1.42E-07,24694534.7,2.31E-07,4.56E-07,2.10E-06,3.49E-07
18197669.8,61477.53262,76220.83227,25579.40051,24159387.67,131375.8663,111281.5738,129211.8225
18066893.18,19812895.56,1047045.685,379120.0354,556779.0079,1294869.395,300755.9128,1303069.106
16710300.15,8.30E-06,8.04E-06,24694534.7,1.97E-06,8.55E-06,8.72E-06,7.10E-06
17275851.13,742759.6367,4493097.963,9936045.959,473566.1296,567230.0085,6939460.004,1542374.999
16710300.15,6.48E-20,0.001218603,24694534.7,0.000288389,0.001064416,0.000850917,8.08E-05
16710300.15,1.52E-07,1.54E-08,24694534.7,2.12E-07,3.87E-07,8.28E-08,3.32E-07
18041454.29,24323467.38,160476.2112,27085.6281,94267.70038,4325.044121,4227.421312,80685.31598
17611254.72,6283699.7,5253782.006,5445992.696,1685035.268,1154044.396,671819.8884,4200160.746
17410365.51,4352790.37,495884.9157,7754680.512,4402891.913,5836053.262,759865.8866,1092367.842
18040664.09,24694534.42,0.076082428,0.009431051,0.18337056,0,0.003995171,0.009908425
16711905.84,118657.1638,12152.83215,24325596.99,66043.42368,7942.542955,13404.63407,150737.1173
16710300.15,1.10E-06,2.01E-08,24694534.7,1.93E-08,2.02E-07,7.71E-07,3.32E-09
16710300.24,0.838379395,0.136083125,24694522.36,6.274785451,8.83E-16,5.087029261,1.18E-15
16710300.18,0.362355332,0.376341076,24694531.09,0.783406728,0.01367191,1.326976517,0.744293315
16710301.13,21.75193235,1.686072272,24694405.8,36.87213086,41.50872064,6.34E-15,27.08579709
17348920.02,6540460.881,394204.7241,7526567.768,6863444.887,923336.7725,672163.6694,1774355.999
16710300.15,2.51E-08,2.06E-07,24694534.7,1.67E-07,7.12E-08,6.06E-08,1.01E-07
16719385.08,111660.5128,580388.4965,23555151.3,15128.43105,47695.13939,351960.7506,32550.06605
16710300.15,3.12E-05,6.08E-05,24694534.7,2.12E-05,9.47E-05,7.18E-05,2.00E-06
16710300.35,2.345828379,0.899957486,24694514.09,5.255349873,4.733058824,7.355968196,0.015553128
17820553.34,3627804,3192601.387,4259946.892,1388380.207,4302538.105,1931430.511,5991833.599
16710300.15,1.32E-05,1.68E-06,24694534.7,1.86E-05,1.07E-05,1.74E-05,1.47E-06
16710300.15,0.001651193,0.006153765,24694534.67,0.008005015,0.006575813,0.00956037,0.000660082
17380024.61,529055.1244,5245495.701,9115275.713,76003.97472,6549334.753,3140823.052,38546.38111
16710300.15,1.08E-06,5.37E-08,24694534.7,4.01E-07,4.01E-07,1.19E-08,3.82E-07
16710352.26,3811.626941,687.1801943,24685471.64,199.1243542,2137.122535,1579.829281,648.1737752
18040664.09,24694534.7,0.000959247,3.28E-06,0.001631298,0.000333321,0.001711451,0.000304817
17572136.12,6121972.007,1658154.774,6165800.72,2096989.038,5924596.031,2068249.192,658772.9374
17653375.52,956441.0017,4544969.655,5650103.541,4305801.789,2615024.674,1454522.497,5167671.541
16710300.17,0.077730138,0.700994717,24694532.33,0.692572388,0.529091504,4.63E-17,0.373329995
16710300.15,0.01091793,0.009247586,24694534.55,0.041176815,0.008977288,0.001487967,0.076200844
16710372.28,589.4614355,54.72037909,24687532.07,118.660706,1219.488937,2071.475739,2948.81856
16710300.15,0.000160008,4.52E-05,24694534.7,0.000103537,0.000232012,8.31E-05,0.000123427
17508188.17,1387530.35,1183414.598,6301050.634,11104871.43,1122973.709,304275.1565,3290418.824
16710300.2,0.493047064,0.967951549,24694529.57,0.108039339,0.900956088,1.422858919,1.242033084
17470409.59,2858628.762,1586927.088,7108854.08,5022954.828,3954574.383,788046.8968,3374548.662
16710300.15,0.02427942,0.023464611,24694534.63,0.006342707,1.28E-17,0,0.011063516
16710300.15,0.22130958,0.174859618,24694534.03,0.057995124,0.103171705,0.063160049,0.05287849
16710300.15,0.145063099,0.002732947,24694534.05,0.178024884,0.086849371,0.087632675,0.153456991
16710300.15,1.13E-06,2.35E-06,24694534.7,2.40E-06,2.25E-05,9.69E-07,0
16990417.75,9613218.976,7.29E-10,11869196.84,1313726.108,713296.1389,306719.4861,878377.1477
18196621.76,6.25E-06,5.06E-06,4.05E-07,24694534.7,2.14E-06,2.09E-06,3.49E-06
16786515.15,210854.4412,254802.864,19859390.13,731758.8168,1101930.955,912035.7555,1623761.741
16710519.71,20428.22124,18212.35797,24637838.07,1559.418171,3509.29913,9837.521475,3149.815095
16710300.15,2.06E-05,0.000400902,24694534.7,0.000150768,5.45E-05,0.000223762,1.81E-05
16710300.15,0,0.000164704,24694534.7,0.001071233,0.001741455,0.000179242,3.67E-05
16709126.26,1221929.118,44709.91077,23351806.64,2.45E-11,40137.62655,18483.77834,17467.62273
17176019.12,910750.9941,630841.6152,11238302.41,3130932.896,4127969.032,4180424.788,475312.961
16710300.15,0.001101116,0.004301752,24694534.69,0.000489489,0.000352066,0.001490633,0.000439183
18040664.09,24694534.07,0.023420237,0.032762849,0.247863852,0.107562328,0.152816028,0.069760444
16710301.4,48.27948766,22.3823497,24694342.35,23.5757716,5.471255158,69.30970808,23.33114171
17684055.9,6112850.028,545001.4325,5189873.278,1006983.515,5161179.725,524340.4753,6154306.247
16710300.15,0.041509462,0.05460319,24694534.18,0.335073022,0.007107129,0.068314063,0.017364222
16710300.15,1.44E-07,9.20E-07,24694534.7,8.03E-08,8.03E-08,5.80E-07,2.54E-07
17611488.62,3259262.517,3604806.616,6235938.462,431653.0582,1853304.141,7865958.361,1443611.545
16710559.77,986.6954246,12383.03647,24662431.2,3481.393337,2306.880642,10889.06914,2056.420815
16710300.15,1.71E-07,9.59E-09,24694534.7,1.32E-07,1.52E-07,1.44E-07,1.66E-07
16710300.15,0.000175017,0.004376397,24694534.66,0.000235631,0.01613202,0.013427886,0.002279228
16710300.36,6.136019754,6.000138023,24694499.35,8.465580771,5.476322886,2.517882992,6.751415732
18053288.62,23366131.65,181035.5872,20499.42657,433214.1575,211260.4911,345976.4558,136416.9293
16717359.29,450499.276,296997.0347,23272253.34,264808.2113,60089.60262,91324.2124,258563.0182
16710300.17,0.341871664,0.321499786,24694532.11,0.666876334,0.490470534,0.464729836,0.299891342
16710303.86,161.1028567,42.04925149,24694007.19,53.69518501,142.8457129,94.12525815,33.69534402
17296196.8,2873979.568,831335.3261,9539007.991,996232.2363,1459550.83,8405392.428,589036.3203
16710300.17,0.17880059,1.081599657,24694532.26,0.113999064,0.136546273,0.556833141,0.371287758
16724980.52,29371.49345,804329.4659,23084503.03,49967.97684,25163.91959,451396.6631,249802.1473
17631730.08,996253.9971,5237115.665,6450788.739,676372.0349,3885606.014,6875295.137,573103.1137
17345355.36,4084370.078,820986.355,8997171.026,83418.96183,8340785.432,944113.0796,1423689.768
16710300.15,4.74E-07,1.11E-06,24694534.7,2.50E-06,4.02E-08,2.13E-07,8.26E-07
16710300.15,0.014017291,0.001634842,24694534.67,0.000524184,0.002973428,0.000304596,0.01182118
16710300.17,2.956558969,0.035574896,24694527.84,0.684840076,0.035491813,0.253721431,2.891711134
17791980.96,5288751.706,687980.0346,3484467,10932103.87,1136458.05,1149303.802,2015470.242
16710419.85,1709.685139,999.0034598,24681338.89,1853.473282,2666.824736,3821.79489,2145.02767
16710300.22,0.035923475,2.7357762,24694524.11,4.831927236,1.460877737,0.266911426,1.255507308
16710301.15,13.49819496,7.009501126,24694437.21,0.587387039,13.01769885,49.09592938,14.28408478
17506918.69,4822584.419,567717.371,6397991.107,6220774.994,2438436.378,1539489.943,2707540.487
17390570.66,8412155.493,1686449.513,7553908.993,510263.0362,4983732.12,322477.1072,1225548.437
17410406.39,5004919.317,1927371.286,7385227.528,4836319.348,16836.39424,5379151.273,144709.5531
16710300.15,1.59E-06,4.41E-07,24694534.7,2.15E-07,8.86E-08,1.00E-07,1.43E-07
17164892.26,382537.9569,250894.2733,11292590.28,1443067.401,667899.2317,541051.7967,10116493.76
16710300.15,1.45E-07,6.28E-07,24694534.7,1.18E-07,1.06E-07,3.21E-07,2.21E-07
16837521,845019.6684,1887252.292,17565888.17,362022.4247,1919516.522,245896.5819,1868939.043
16710300.15,0,0.0001238,24694534.7,3.42E-05,0.000477735,1.13E-05,2.57E-05
16710300.19,1.854886188,0.000897766,24694529.04,0.683791084,1.776989817,0.083330635,1.264570522
16710300.15,0.000373749,0.000106231,24694534.7,0.000640101,1.86E-05,0.000837781,0.000742036
18040664.1,24694530.34,1.278119056,0.353313541,1.225522077,0.005817755,0.283976525,1.208790379
16710300.15,1.11E-06,3.87E-06,24694534.7,1.23E-06,1.76E-06,1.07E-07,6.77E-06
16710300.15,4.44E-05,7.61E-05,24694534.7,0.000160111,0.000846134,0.000133432,0.00025597
16847122.53,66617.03076,2171728.581,17334005.38,421556.528,551280.8183,883895.437,3265450.929
16710300.93,98.17501027,86.40083835,24694270.26,13.54474908,26.28600023,4.028559205,36.00707165
18194300.32,9109112.605,1231575.476,35257.74823,8628444.817,153623.6512,4114160.177,1422360.226
17829754.91,395037.4596,1429413.743,4564098.84,3188006.915,3065414.487,6540025.908,5512537.347
17780969.61,5256770.249,7362263.462,3891744.298,6560733.73,904355.6585,344449.6167,374217.6857
17879172.03,2429420.21,229076.0675,3750889.656,5726494.023,2312482.309,6380534.764,3865637.671
16710300.15,0.010112609,0.161995945,24694534.29,0,0,0.021796061,0.211275571
18040664.09,24694534.7,1.20E-05,5.44E-07,1.37E-05,1.58E-06,8.52E-06,2.44E-05
16710300.15,1.48E-07,1.94E-06,24694534.7,1.11E-07,2.65E-06,1.65E-07,3.56E-07
16710300.15,0.007516332,0.000782714,24694534.69,0.00053862,0.001781261,9.44E-05,0.002687765
16710300.15,6.84E-08,3.58E-07,24694534.7,1.40E-08,3.54E-09,1.84E-07,3.91E-07
16710314.79,1247.389466,29.62716534,24691346.98,130.8021372,298.9851907,196.5873534,1284.330287
16741656.38,4.26E-10,1.28E-09,22905065.05,4.26E-10,1251374.743,538094.9049,4.26E-10
16715235.72,150319.7722,293024.1141,23927328.55,31902.81655,141562.3205,27800.48341,122596.6448
16710300.33,8.378965602,7.672598821,24694501.28,5.482923313,1.001115309,9.483394445,1.403678988
16710302.5,88.35678951,67.20010465,24694069.11,135.4463875,26.28578612,40.2852639,108.020335
16710300.15,3.73E-07,1.31E-07,24694534.7,8.25E-08,1.33E-07,9.46E-09,9.40E-08
18357935.31,241098.6455,2988546.475,552519.9954,1099417.54,9293331.086,8580775.624,1938845.334
16710301.51,34.95456026,14.81801107,24694352.04,29.6516175,29.39723229,39.71528277,34.12030241
16710300.15,0.017811163,0.012338898,24694534.53,0.027859701,0.060529716,0.022972506,0.024535238
16710300.15,6.70E-05,0.000311468,24694534.7,0.000137081,0.000333321,2.64E-05,0.000118953
16710300.15,2.58E-05,5.40E-05,24694534.7,0.000144024,0.000228463,0.000108281,0.000432149
16710300.15,9.06E-05,1.66E-05,24694534.7,6.09E-06,8.25E-05,7.01E-05,9.34E-05
18040664.09,24694534.7,4.88E-05,4.54E-06,4.00E-05,3.27E-06,6.85E-05,1.66E-05
16710300.15,0.000106026,1.78E-05,24694534.7,2.20E-05,0.000380403,7.76E-07,0.000327549
17884401.25,913228.801,432709.4608,3820868.226,6190427.625,1423931.247,7191864.144,4721505.196
16710416.75,4161.127851,59.37846528,24678856.16,3546.556203,4836.287264,2152.949174,922.242654
16710300.15,2.21E-05,2.21E-05,24694534.7,1.99E-05,0,6.09E-06,3.96E-05
16710705.46,26808.51372,45841.08519,24597790.66,6.80E-12,0,24094.44473,2.72E-11
16710300.19,0.791482385,3.721630425,24694525.87,3.306531545,0.309766885,0.510237494,0.19195667
16710402.97,843.5963074,4442.463662,24680822.32,2641.914691,1850.485765,3068.362984,865.5589525
17549411.74,6237106.912,717835.2593,6530151.903,897820.9566,5505228.574,3887955.919,918435.1765
16750220.28,859883.2931,138691.016,20956113.67,1275487.456,684112.9535,618060.2273,162186.0832
16974441.75,4568738.328,105116.9615,13090778.5,4287444.524,2495932.582,73434.0274,73089.77366
16842991.33,1334578.329,2497694.3,16766874.53,1727497.433,5.34E-10,1628675.043,739215.0687
16710300.15,0.049064183,0.099191546,24694534.43,0.00453596,0.105341844,0.004287099,0.004342344
18196621.76,3.06E-09,4.85E-08,1.33E-08,24694534.7,9.44E-08,5.99E-08,1.75E-08
16710300.15,0.000168531,1.83E-05,24694534.7,7.75E-05,1.67E-05,7.68E-06,6.87E-05
18029803.84,143157.8019,5320632.137,3005789.916,4638903.074,5336794.533,5164865.685,1084391.553
16710300.15,1.83E-06,9.63E-06,24694534.7,7.37E-06,8.90E-06,5.81E-06,5.59E-06
17610930.29,930014.8114,3403601.558,5461431.2,9109445.255,10785.46594,221984.3233,5557272.087
16710300.2,77.60030583,3.710004947,24694424.49,8.877774076,12.84887236,1.549901871,5.627101072
17593366.59,6819139.924,3857037.159,5892150.395,113734.4464,1731104.444,5604951.832,676416.5009
16710300.15,8.88E-09,3.08E-08,24694534.7,1.37E-08,7.10E-08,4.61E-09,9.97E-09
17646894.99,583634.9865,1621317.662,5797309.608,5687469.134,1726800.44,5981832.432,3296170.436
16710347.9,790.3520643,3302.098594,24687261.03,265.6158951,694.3050633,1523.428114,697.8681498
16710300.89,0.640592083,26.65118153,24694449.35,3.107896109,18.74625286,5.799083643,30.40426065
16711334.05,1025.464653,21471.44184,24582386.99,14661.17484,28554.43884,7363.388826,39071.80103
17582600.8,4896617.164,3231367.689,6170136.385,153428.1543,1636121.904,5301865.195,3304998.209
16710696.01,37899.73284,19370.05452,24591370.37,5919.841723,2682.612962,13152.13006,24139.95916
16710300.16,2.292477584,0.081713282,24694530.04,0.702518506,0.320252519,0.554405761,0.712287599
16710300.15,0.001199112,0.001224631,24694534.7,0.000867379,0.000320637,0.000262689,0.000117821
17528634.02,2518273.124,2815712.467,6701815.352,4838247.208,2114425.374,5427879.319,278181.8556
16721752.45,377028.5572,148778.5473,23291658.45,141586.7977,308338.9655,183893.1098,243250.2723
16711393.3,21636.69186,11314.90901,24573963.1,8480.11214,36695.22228,23246.30721,19198.35553
16710312.52,250.4608074,97.03804156,24692928.33,292.7494192,412.0787052,72.06777898,481.9775355
16710321.5,331.5723943,465.7875248,24692224.01,73.91290734,303.0005569,1110.78945,25.6235796
16710300.22,0.157970823,0.248563849,24694529.37,0.338572589,1.915112578,1.984951334,0.683367271
16710300.15,0.173896562,0.213935752,24694534.15,0.032295625,0.115874218,0.009657507,0
16710300.15,2.03E-07,4.31E-08,24694534.7,1.50E-07,1.05E-07,1.09E-07,3.50E-08
16711548.46,3365.21173,26873.16893,24496805.58,122485.6898,15477.84818,25351.19573,4176.007289
16710300.15,1.87E-06,2.62E-06,24694534.7,3.94E-06,6.18E-08,6.40E-08,6.71E-06
16711002.79,279.5369541,2094.918056,24630671.85,5096.476199,23523.38049,2528.955134,30339.58004
17380929.58,1304527.21,1587771.356,8022798.827,8106773.897,2728995.922,2551618.11,392049.3785
16715346.06,30312.13436,158015.9785,24172659.94,49508.74394,144524.8467,111066.2866,28446.76968
16710300.16,0.237813465,0.105899602,24694533.09,0.596279559,0.052011051,0.55500183,0.064309883
16710302.42,34.82429179,80.14758195,24694205.24,71.97220238,15.34983333,93.36851467,33.80224137
16710300.18,1.622760109,0.103400354,24694530.49,0.518915725,1.015616203,0.881365102,0.072653829
16710775.95,2057.163634,1642.941426,24635595.74,5797.446523,3962.901217,979.0423296,44499.46271
16710300.15,7.42E-05,0.000166258,24694534.7,3.12E-05,0.000155168,4.73E-05,0.000163051
16710300.15,0.001550462,0.025413191,24694534.51,0,0.131955809,0.028394088,0.006505086
16710300.15,0.00742825,0.002905877,24694534.67,0.000366891,0.009013614,0.009324114,0.000615981
18040664.09,24694534.62,0.001341725,0.004935146,0.018118412,0.024846565,0.02792424,0.007763885
16710300.15,4.31E-05,3.48E-05,24694534.7,0.000158469,0.000136945,0.00018977,1.91E-05
16755825.88,305385.8992,1669094.02,20925723.25,316075.4321,479929.3158,903916.1447,94410.63333
18099137.18,5287151.61,3283005.744,1593504.078,5163197.777,1249639.422,4522665.053,3595371.016
16710300.15,0.629368578,0.003180279,24694533.59,0.009369157,0.305212316,0.017283469,0.146909391
16710300.15,0.011568106,0.007352018,24694534.5,0.110394481,0.017298645,0.008886408,0.047837301
18145293.76,5194247.24,5266863.2,993167.81,7080894.751,595012.5386,1278726.473,4285622.688
16857699.81,1751460.373,798580.9218,16077984.88,3993735.993,365745.2433,1388609.924,318417.3618
16710300.15,0.043773867,0.013185801,24694534.46,0.004133294,0.101505658,0.020815893,0.05724027
16719459.64,101266.5182,14615.83338,23782478.76,207282.401,349655.029,15247.61049,223988.5527
16710300.18,0.630061119,0.016335798,24694530.99,0.474773334,0.301789531,1.196356459,1.089471823
18040664.09,24694534.7,1.74E-08,4.44E-06,1.14E-05,1.89E-05,1.22E-05,1.44E-05
16710300.15,1.01E-07,1.08E-08,24694534.7,2.04E-08,4.21E-09,2.52E-07,3.49E-08
16710300.15,0.000211921,0.000337808,24694534.7,8.59E-05,8.99E-05,0.000347928,5.14E-20
16710309.38,437.5300139,415.0907217,24692607.83,326.2973346,117.6071936,156.8445111,473.4988007
16710300.15,0.000265345,0.003212087,24694534.69,0.000390374,0.003327747,0.000369155,0.004564541
17030463.8,964119.829,1599115.027,13675187.11,781210.6239,3526107.019,4144109.033,4686.058284
18228445.47,140792.3933,844627.4023,5225.495938,20995212.36,633064.2512,1083522.102,992090.6937
16710300.19,0.128258112,0.081211954,24694530.47,0.52511821,0.466676669,1.612360123,1.414210471
18120179.22,902849.6867,6494080.605,1511699.143,8915236.75,229984.4118,391946.0156,6248738.089
16710300.15,3.98E-09,7.61E-09,24694534.7,1.83E-08,7.42E-08,9.18E-08,8.85E-08
16710300.15,0.015870796,0.065007353,24694534.53,0.01802934,0.013718517,0.015232536,0.038019102
17610068.74,1926300.863,4544970.541,6287475.977,245265.8658,970489.8437,5962123.523,4757908.086
16710300.18,0.711046416,0.640448915,24694530.51,1.418535389,0.834044145,0.398021147,0.188515845
16710377.78,1053.805468,559.0070864,24685437.64,917.4199709,360.764382,3188.311706,3017.754911
16710950.61,17091.18606,4988.036963,24602367.99,9810.05952,2784.462812,21266.11503,36226.84839
17359753.3,2967960.444,4596001.543,7913456.619,5487623.068,805997.9117,376338.248,2547156.866
16710300.15,1.00E-05,9.83E-07,24694534.7,1.60E-06,1.87E-05,3.22E-05,2.23E-05
16710300.15,0.005893544,0.002732245,24694534.68,0.002877927,0.000667884,0.008460733,0.002848065
16710300.16,1.739759402,0.373264946,24694531.3,0.295182111,0.029696001,0.637210918,0.326918877
16734455.31,914096.8532,21035.44332,21928390.4,161346.8742,309941.804,286333.586,1073389.739
18258842.33,3489394.114,2418649.889,633061.2179,4787766.984,5959779.124,4241609.983,3164273.388
18040664.09,24694534.7,1.43E-07,4.54E-08,4.29E-09,1.80E-07,2.95E-07,9.18E-08
16869417.57,480605.5457,320676.2071,17261272.99,315138.2516,1436142.384,3076207.334,1804491.992
16710300.15,6.21E-05,5.24E-05,24694534.7,8.93E-05,5.35E-05,1.35E-05,0.000101421
16710300.39,141.9056806,6.715664362,24694296.58,32.69471135,1.814632593,16.44523494,38.54191061
18168065.46,10741161.38,495539.5004,662589.1117,3050889.821,2793225.98,4206291.336,2744837.571
17461345.08,421269.1347,5544689.855,8240062.182,75417.91527,5791036.075,4066381.888,555677.6509
16710384.64,221.4599115,1326.529009,24684401.8,2995.09104,1365.981411,1992.537192,2231.30514
17502607.58,2073336.602,1178649.391,7065820.345,4863773.491,4301133.256,3050779.483,2161042.133
16710300.15,0.069792233,0.195623861,24694534.17,0.013726416,0.086484764,0.069240347,0.090385953
16710300.15,0.01461987,0.001549329,24694534.66,0.014803164,0.001250811,0.001661594,0.010861447
17146182.67,4245413.442,939672.9302,10360903.62,5526423.459,814818.5238,2290046.647,517256.0826
16714517.05,20559.64995,33239.51066,24170054.18,243207.8884,14936.79858,161389.3004,51147.37249
16710300.3,5.270843645,3.653918547,24694511.89,2.305826814,4.561653089,2.179914275,4.835547457
16710300.16,0.920404316,0,24694532.33,0.423279661,0.273816547,0.377683004,0.375079203
16812389.61,769624.1302,99134.92082,19060326.99,234127.4396,2052593.08,1552861.038,925867.105
18040664.24,24694514.41,0.749446808,1.048410046,7.931634895,3.441990872,4.89010774,2.232331855
16710303.46,33.90212595,21.15820769,24694111.85,15.07888806,36.8024426,8.724043656,307.1883951
17894719.04,11132148.3,324963.8318,2885633.938,17232.82996,885930.4187,3604856.679,5843768.699
16710300.15,0.007402582,0.059786597,24694534.43,0.013662773,0.112974999,0.013562389,0.064262473
16731492.91,1025025.088,249593.9822,21624548.06,899283.7411,8571.579537,379961.5404,507550.7061
16710462.57,786.9238378,483.5293331,24681617.57,312.6579213,4474.66014,5697.525231,1161.829638
16710300.15,0.004821947,0,24694534.66,0.026564907,0.003970698,0.007443498,0.00038111
16747091.49,2581541.926,284602.1309,19900347.09,283383.9079,176643.1046,60444.69513,1407571.85
17597366.44,5053829.586,3135824.94,6025102.652,462079.2497,5314911.661,406836.1827,4295950.429
16709547.16,444390.4131,3799.751576,24192359.56,13509.72345,0,25157.48078,15317.76924
16711015.02,17174.68311,9455.169437,24566565.09,71143.71522,18190.90357,8161.16173,3843.975494
16823865.28,187413.1801,1233189.898,18655739.34,355438.4566,2434690.722,947413.2126,880649.8943
16710302.29,13.48567702,0,24694316.56,40.39054347,8.108731729,105.5069275,50.64763583
18325996.84,1727324.182,5991572.186,47410.19141,5442181.333,4474721.551,5894073.281,1117251.976
16710300.26,0.285142577,4.277666903,24694523.15,1.003489827,2.840237526,3.142697052,4.83E-16
16729283.51,628478.6732,210072.4989,22260494.04,309304.9944,135909.6748,147207.4255,1003067.391
16710300.18,40.62675586,1.012969891,24694462.64,24.97987622,2.557102573,0,2.883067311
17858307.03,4635119.773,7317686.81,3865736.055,904676.4288,2891184.747,1659986.919,3420143.967
16710983.32,9155.82887,7110.212797,24622531.5,2339.983578,16624.97977,17599.75703,19172.44077
16710348.15,428.9056178,69.61862029,24688223.6,3210.110778,4.52E-13,2602.467859,6.03E-13
16710302.99,1963.074031,529.2696114,24691443.94,57.6332399,378.5525948,33.72423687,128.5081447
17164187.35,3795717.386,933182.815,10594156.42,3935598.996,4879444.356,171240.1754,385194.5476
16710300.15,0.012381672,0.001537286,24694534.66,0.017418461,0.001673161,0.004464318,0.00251117
16710432.18,12097.76534,2835.474053,24663872,2137.035728,120.5474817,7258.057719,6213.823878
16710300.15,8.81E-06,1.03E-06,24694534.7,4.56E-06,9.62E-06,6.33E-07,1.37E-06
18308946.38,2573289.048,1405923.271,215656.1864,4022053.407,5631792.547,5818158.62,5027661.62
16710300.2,0.569956963,0.394844549,24694529.39,0.891510006,1.936950008,0.735119842,0.78512725
17828165.63,482060.2507,1846552.698,5077596.916,1206050.18,10978659.64,4150715.673,952899.3454
16710300.71,0,2.133679293,24694471.9,16.34274336,11.75741525,4.432192014,28.13691717
17483680.89,4768465.395,2300904.146,7055210.85,2484059.842,4394233.125,2994687.577,696973.7646
16711394.98,6097.895128,11388.01419,24555113.38,54014.9866,31483.54702,4485.757214,31951.12449
18129228.35,8871432.849,3935166.983,1253444.169,418469.0922,2475713.999,1909915.798,5830391.81
17178498.12,1652288.093,1772400.376,11140351.05,49304.69412,4945991.105,1311926.071,3822273.311
16710300.16,0.04293098,0.140027576,24694533.02,0.372888549,0.054684133,0.233367586,0.834259077
16711546.22,44709.87473,34004.27152,24458936.74,68537.92506,13301.00619,20384.95414,54659.92682
16710300.15,0.104892935,0.005045752,24694534.54,0.005071586,0.019162845,0.019992619,0.009554255
17500620.38,10468418.93,298600.6789,5793562.435,5031826.539,586793.1486,2290124.188,225208.7784
16710300.15,0.000972998,0.000199143,24694534.69,0.000208279,0.000441245,0.000114828,0.003752162
18040676.79,24690323.39,1318.935297,329.4726813,505.7689288,282.7917958,377.8573809,1396.484224
16710305.72,106.1377761,0,24693780.85,249.1242144,125.2260942,109.0607497,164.2988397
16710300.15,0.017886759,0.011767975,24694534.65,0.000840848,0.004068533,0.007032872,0.004860843
16902106.38,232555.2096,1560324.135,15507716.94,4748510.261,2583459.045,1.11E-10,61969.1132
16710300.15,8.48E-08,0,24694534.7,9.56E-08,5.25E-24,2.03E-08,7.71E-09
16710300.15,9.36E-05,8.24E-05,24694534.7,3.88E-05,8.36E-06,2.69E-05,0.000114465
17804738.64,781427.5786,3981952.475,3944962.578,9694729.444,2019480.61,728449.3965,3543532.617
16712751.39,134276.8175,3090.014341,24288200.24,23701.14798,45529.09128,42061.14763,157676.2436
17668219.77,1762854.362,5909874.397,5795616.772,1629883.217,2655515.33,4861781.631,2079008.99
16710300.25,2.953259873,12.80927809,24694511.41,3.522628835,0.368602664,2.750793167,0.890406375
16932807.94,2431217.604,99541.11764,14115715.67,5701045.496,1346249.418,590047.9281,410717.4686
17697211.36,4596667.385,2035512.54,5343889.27,376731.5031,4731454.906,4011026.487,3599252.609
16710300.19,2.168883063,1.040831199,24694526.52,2.150665677,0.512087981,1.125157799,1.182634858
16746770.23,228483.8322,620234.2116,21716072.39,301462.3046,694376.7249,529836.6822,604068.5575
16745058.66,345611.5038,749457.924,21388157.91,521603.1008,315849.923,339485.9202,1034368.42
17393343.03,1564504.469,1063173.649,8458326.77,1077086.257,945983.893,6290603.702,5294855.96
18202262.52,7543021.977,5012496.017,332077.9391,7160321.198,2557403.628,1890889.611,198324.3303
16710300.15,2.85E-05,8.08E-06,24694534.7,1.84E-06,2.04E-06,1.48E-05,6.39E-06
18040665.11,24694435.44,2.759423426,4.527083466,26.7685117,58.98432284,1.148677817,5.06744655
17107300.87,3626581.005,3682142.88,11611229.22,486150.332,3359050.343,1654390.079,274990.8455
